The system is: Darwin - 25.5.0 - x86_64
Compiling the C compiler identification source file "CMakeCCompilerId.c" succeeded.
Compiler:  
Build flags: 
Id flags:  

The output was:
0
objc[78174]: Class _TtC12DVTDownloads14DownloadsAsset is implemented in both /Applications/Xcode.app/Contents/SharedFrameworks/DVTDownloads.framework/Versions/A/DVTDownloads (0x104e19a18) and /Library/Developer/PrivateFrameworks/DVTDownloads.framework/Versions/A/DVTDownloads (0x10eaa7880). This may cause spurious casting failures and mysterious crashes. One of the duplicates must be removed or renamed.
objc[78174]: Class _TtC12DVTDownloads16CryptexDiskImage is implemented in both /Applications/Xcode.app/Contents/SharedFrameworks/DVTDownloads.framework/Versions/A/DVTDownloads (0x104e18db8) and /Library/Developer/PrivateFrameworks/DVTDownloads.framework/Versions/A/DVTDownloads (0x10eaa7d68). This may cause spurious casting failures and mysterious crashes. One of the duplicates must be removed or renamed.
objc[78174]: Class _TtC12DVTDownloads15CommandLineTool is implemented in both /Applications/Xcode.app/Contents/SharedFrameworks/DVTDownloads.framework/Versions/A/DVTDownloads (0x104e198c0) and /Library/Developer/PrivateFrameworks/DVTDownloads.framework/Versions/A/DVTDownloads (0x10eaa8d30). This may cause spurious casting failures and mysterious crashes. One of the duplicates must be removed or renamed.
objc[78174]: Class _TtC12DVTDownloads14DiskImageTools is implemented in both /Applications/Xcode.app/Contents/SharedFrameworks/DVTDownloads.framework/Versions/A/DVTDownloads (0x104e196f0) and /Library/Developer/PrivateFrameworks/DVTDownloads.framework/Versions/A/DVTDownloads (0x10eaa8de0). This may cause spurious casting failures and mysterious crashes. One of the duplicates must be removed or renamed.
objc[78174]: Class _TtC12DVTDownloads23SimulatorRuntimeCryptex is implemented in both /Applications/Xcode.app/Contents/SharedFrameworks/DVTDownloads.framework/Versions/A/DVTDownloads (0x104e19ce0) and /Library/Developer/PrivateFrameworks/DVTDownloads.framework/Versions/A/DVTDownloads (0x10eaa9560). This may cause spurious casting failures and mysterious crashes. One of the duplicates must be removed or renamed.
Command line invocation:
    /Applications/Xcode.app/Contents/Developer/usr/bin/xcodebuild

User defaults from command line:
    IDEPackageSupportUseBuiltinSCM = YES

2026-09-27 10:02:22.622 xcodebuild[78174:4730510] [MT] IDELogStore: Failed to open log store at /Users/liuyuxuan/Library/Developer/Xcode/DerivedData/CompilerIdC-gqaejtkhyqkzqnglnkhyfyodqjdb/Logs/Build
2026-09-27 10:02:22.626 xcodebuild[78174:4730510] [MT] IDELogStore: Failed to open Build log store: Error Domain=NSCocoaErrorDomain Code=4 "The file “LogStoreManifest.plist” doesn’t exist." UserInfo={NSFilePath=/Users/liuyuxuan/Library/Developer/Xcode/DerivedData/CompilerIdC-gqaejtkhyqkzqnglnkhyfyodqjdb/Logs/Build/LogStoreManifest.plist, NSURL=file:///Users/liuyuxuan/Library/Developer/Xcode/DerivedData/CompilerIdC-gqaejtkhyqkzqnglnkhyfyodqjdb/Logs/Build/LogStoreManifest.plist, NSUnderlyingError=0x7faf6eee3800 {Error Domain=NSPOSIXErrorDomain Code=2 "No such file or directory"}}. User info: {
    NSFilePath = "/Users/liuyuxuan/Library/Developer/Xcode/DerivedData/CompilerIdC-gqaejtkhyqkzqnglnkhyfyodqjdb/Logs/Build/LogStoreManifest.plist";
    NSURL = "file:///Users/liuyuxuan/Library/Developer/Xcode/DerivedData/CompilerIdC-gqaejtkhyqkzqnglnkhyfyodqjdb/Logs/Build/LogStoreManifest.plist";
    NSUnderlyingError = "Error Domain=NSPOSIXErrorDomain Code=2 \"No such file or directory\"";
}.
2026-09-27 10:02:25.447 xcodebuild[78174:4730510] [MT] IDELogStore: Failed to open log store at /Users/liuyuxuan/Library/Developer/Xcode/DerivedData/CompilerIdC-gqaejtkhyqkzqnglnkhyfyodqjdb/Logs/Launch
2026-09-27 10:02:25.448 xcodebuild[78174:4730510] [MT] IDELogStore: Failed to open Launch log store: Error Domain=NSCocoaErrorDomain Code=4 "The file “LogStoreManifest.plist” doesn’t exist." UserInfo={NSFilePath=/Users/liuyuxuan/Library/Developer/Xcode/DerivedData/CompilerIdC-gqaejtkhyqkzqnglnkhyfyodqjdb/Logs/Launch/LogStoreManifest.plist, NSURL=file:///Users/liuyuxuan/Library/Developer/Xcode/DerivedData/CompilerIdC-gqaejtkhyqkzqnglnkhyfyodqjdb/Logs/Launch/LogStoreManifest.plist, NSUnderlyingError=0x7faf7125dac0 {Error Domain=NSPOSIXErrorDomain Code=2 "No such file or directory"}}. User info: {
    NSFilePath = "/Users/liuyuxuan/Library/Developer/Xcode/DerivedData/CompilerIdC-gqaejtkhyqkzqnglnkhyfyodqjdb/Logs/Launch/LogStoreManifest.plist";
    NSURL = "file:///Users/liuyuxuan/Library/Developer/Xcode/DerivedData/CompilerIdC-gqaejtkhyqkzqnglnkhyfyodqjdb/Logs/Launch/LogStoreManifest.plist";
    NSUnderlyingError = "Error Domain=NSPOSIXErrorDomain Code=2 \"No such file or directory\"";
}.
2026-09-27 10:02:25.456 xcodebuild[78174:4730510] [MT] IDELogStore: Failed to open log store at /Users/liuyuxuan/Library/Developer/Xcode/DerivedData/CompilerIdC-gqaejtkhyqkzqnglnkhyfyodqjdb/Logs/Package
2026-09-27 10:02:25.457 xcodebuild[78174:4730510] [MT] IDELogStore: Failed to open Package log store: Error Domain=NSCocoaErrorDomain Code=4 "The file “LogStoreManifest.plist” doesn’t exist." UserInfo={NSFilePath=/Users/liuyuxuan/Library/Developer/Xcode/DerivedData/CompilerIdC-gqaejtkhyqkzqnglnkhyfyodqjdb/Logs/Package/LogStoreManifest.plist, NSURL=file:///Users/liuyuxuan/Library/Developer/Xcode/DerivedData/CompilerIdC-gqaejtkhyqkzqnglnkhyfyodqjdb/Logs/Package/LogStoreManifest.plist, NSUnderlyingError=0x7faf7120a040 {Error Domain=NSPOSIXErrorDomain Code=2 "No such file or directory"}}. User info: {
    NSFilePath = "/Users/liuyuxuan/Library/Developer/Xcode/DerivedData/CompilerIdC-gqaejtkhyqkzqnglnkhyfyodqjdb/Logs/Package/LogStoreManifest.plist";
    NSURL = "file:///Users/liuyuxuan/Library/Developer/Xcode/DerivedData/CompilerIdC-gqaejtkhyqkzqnglnkhyfyodqjdb/Logs/Package/LogStoreManifest.plist";
    NSUnderlyingError = "Error Domain=NSPOSIXErrorDomain Code=2 \"No such file or directory\"";
}.
2026-09-27 10:02:25.498 xcodebuild[78174:4730510] [MT] IDELogStore: Failed to open log store at /Users/liuyuxuan/Library/Developer/Xcode/DerivedData/CompilerIdC-gqaejtkhyqkzqnglnkhyfyodqjdb/Logs/Test
2026-09-27 10:02:25.498 xcodebuild[78174:4730510] [MT] IDELogStore: Failed to open Test log store: Error Domain=NSCocoaErrorDomain Code=4 "The file “LogStoreManifest.plist” doesn’t exist." UserInfo={NSFilePath=/Users/liuyuxuan/Library/Developer/Xcode/DerivedData/CompilerIdC-gqaejtkhyqkzqnglnkhyfyodqjdb/Logs/Test/LogStoreManifest.plist, NSURL=file:///Users/liuyuxuan/Library/Developer/Xcode/DerivedData/CompilerIdC-gqaejtkhyqkzqnglnkhyfyodqjdb/Logs/Test/LogStoreManifest.plist, NSUnderlyingError=0x7faf6c10d620 {Error Domain=NSPOSIXErrorDomain Code=2 "No such file or directory"}}. User info: {
    NSFilePath = "/Users/liuyuxuan/Library/Developer/Xcode/DerivedData/CompilerIdC-gqaejtkhyqkzqnglnkhyfyodqjdb/Logs/Test/LogStoreManifest.plist";
    NSURL = "file:///Users/liuyuxuan/Library/Developer/Xcode/DerivedData/CompilerIdC-gqaejtkhyqkzqnglnkhyfyodqjdb/Logs/Test/LogStoreManifest.plist";
    NSUnderlyingError = "Error Domain=NSPOSIXErrorDomain Code=2 \"No such file or directory\"";
}.
2026-09-27 10:02:25.552 xcodebuild[78174:4730510] [MT] IDELogStore: Failed to open log store at /Users/liuyuxuan/Library/Developer/Xcode/DerivedData/CompilerIdC-gqaejtkhyqkzqnglnkhyfyodqjdb/Logs/Package
2026-09-27 10:02:25.552 xcodebuild[78174:4730510] [MT] IDELogStore: Failed to open Package log store: Error Domain=NSCocoaErrorDomain Code=4 "The file “LogStoreManifest.plist” doesn’t exist." UserInfo={NSFilePath=/Users/liuyuxuan/Library/Developer/Xcode/DerivedData/CompilerIdC-gqaejtkhyqkzqnglnkhyfyodqjdb/Logs/Package/LogStoreManifest.plist, NSURL=file:///Users/liuyuxuan/Library/Developer/Xcode/DerivedData/CompilerIdC-gqaejtkhyqkzqnglnkhyfyodqjdb/Logs/Package/LogStoreManifest.plist, NSUnderlyingError=0x7faf7125adb0 {Error Domain=NSPOSIXErrorDomain Code=2 "No such file or directory"}}. User info: {
    NSFilePath = "/Users/liuyuxuan/Library/Developer/Xcode/DerivedData/CompilerIdC-gqaejtkhyqkzqnglnkhyfyodqjdb/Logs/Package/LogStoreManifest.plist";
    NSURL = "file:///Users/liuyuxuan/Library/Developer/Xcode/DerivedData/CompilerIdC-gqaejtkhyqkzqnglnkhyfyodqjdb/Logs/Package/LogStoreManifest.plist";
    NSUnderlyingError = "Error Domain=NSPOSIXErrorDomain Code=2 \"No such file or directory\"";
}.
ComputeTargetDependencyGraph
warning: Building targets in manual order is deprecated - check "Parallelize build for command-line builds" in the project editor, or set DISABLE_MANUAL_TARGET_ORDER_BUILD_WARNING in any of the targets in the current build to suppress this warning
note: Target dependency graph (1 target)
    Target 'CompilerIdC' in project 'CompilerIdC' (no dependencies)

GatherProvisioningInputs

CreateBuildDescription
Build description signature: b9e741b3ac29feed590de010cf7fa88c
Build description path: /Users/liuyuxuan/Documents/KiwiEngine/build-xcode/CMakeFiles/3.25.1/CompilerIdC/./XCBuildData/b9e741b3ac29feed590de010cf7fa88c.xcbuilddata

CreateBuildDirectory /Users/liuyuxuan/Documents/KiwiEngine/build-xcode/CMakeFiles/3.25.1/CompilerIdC
    cd /Users/liuyuxuan/Documents/KiwiEngine/build-xcode/CMakeFiles/3.25.1/CompilerIdC/CompilerIdC.xcodeproj
    builtin-create-build-directory /Users/liuyuxuan/Documents/KiwiEngine/build-xcode/CMakeFiles/3.25.1/CompilerIdC

ClangStatCache /Applications/Xcode.app/Contents/Developer/Toolchains/XcodeDefault.xctoolchain/usr/bin/clang-stat-cache /Applications/Xcode.app/Contents/Developer/Platforms/MacOSX.platform/Developer/SDKs/MacOSX14.2.sdk /var/folders/d_/qz91s5mx0r96yp3hzr6jhvlc0000gn/C/com.apple.DeveloperTools/15.1-15C65/Xcode/SDKStatCaches.noindex/macosx14.2-23C53-df0db8920d7ae99241a1bc0f08d2dced.sdkstatcache
    cd /Users/liuyuxuan/Documents/KiwiEngine/build-xcode/CMakeFiles/3.25.1/CompilerIdC/CompilerIdC.xcodeproj
    /Applications/Xcode.app/Contents/Developer/Toolchains/XcodeDefault.xctoolchain/usr/bin/clang-stat-cache /Applications/Xcode.app/Contents/Developer/Platforms/MacOSX.platform/Developer/SDKs/MacOSX14.2.sdk -o /var/folders/d_/qz91s5mx0r96yp3hzr6jhvlc0000gn/C/com.apple.DeveloperTools/15.1-15C65/Xcode/SDKStatCaches.noindex/macosx14.2-23C53-df0db8920d7ae99241a1bc0f08d2dced.sdkstatcache

CreateBuildDirectory /Users/liuyuxuan/Documents/KiwiEngine/build-xcode/CMakeFiles/3.25.1/CompilerIdC/EagerLinkingTBDs/Debug
    cd /Users/liuyuxuan/Documents/KiwiEngine/build-xcode/CMakeFiles/3.25.1/CompilerIdC/CompilerIdC.xcodeproj
    builtin-create-build-directory /Users/liuyuxuan/Documents/KiwiEngine/build-xcode/CMakeFiles/3.25.1/CompilerIdC/EagerLinkingTBDs/Debug

WriteAuxiliaryFile /Users/liuyuxuan/Documents/KiwiEngine/build-xcode/CMakeFiles/3.25.1/CompilerIdC/CompilerIdC.build/Debug/CompilerIdC.build/DerivedSources/Entitlements.plist (in target 'CompilerIdC' from project 'CompilerIdC')
    cd /Users/liuyuxuan/Documents/KiwiEngine/build-xcode/CMakeFiles/3.25.1/CompilerIdC
    write-file /Users/liuyuxuan/Documents/KiwiEngine/build-xcode/CMakeFiles/3.25.1/CompilerIdC/CompilerIdC.build/Debug/CompilerIdC.build/DerivedSources/Entitlements.plist

ProcessProductPackaging "" /Users/liuyuxuan/Documents/KiwiEngine/build-xcode/CMakeFiles/3.25.1/CompilerIdC/CompilerIdC.build/Debug/CompilerIdC.build/CompilerIdC.xcent (in target 'CompilerIdC' from project 'CompilerIdC')
    cd /Users/liuyuxuan/Documents/KiwiEngine/build-xcode/CMakeFiles/3.25.1/CompilerIdC
    
    Entitlements:
    
    {
    "com.apple.application-identifier" = "";
    "com.apple.security.get-task-allow" = 1;
}
    
    builtin-productPackagingUtility -entitlements -format xml -o /Users/liuyuxuan/Documents/KiwiEngine/build-xcode/CMakeFiles/3.25.1/CompilerIdC/CompilerIdC.build/Debug/CompilerIdC.build/CompilerIdC.xcent

ProcessProductPackagingDER /Users/liuyuxuan/Documents/KiwiEngine/build-xcode/CMakeFiles/3.25.1/CompilerIdC/CompilerIdC.build/Debug/CompilerIdC.build/CompilerIdC.xcent /Users/liuyuxuan/Documents/KiwiEngine/build-xcode/CMakeFiles/3.25.1/CompilerIdC/CompilerIdC.build/Debug/CompilerIdC.build/CompilerIdC.xcent.der (in target 'CompilerIdC' from project 'CompilerIdC')
    cd /Users/liuyuxuan/Documents/KiwiEngine/build-xcode/CMakeFiles/3.25.1/CompilerIdC
    /usr/bin/derq query -f xml -i /Users/liuyuxuan/Documents/KiwiEngine/build-xcode/CMakeFiles/3.25.1/CompilerIdC/CompilerIdC.build/Debug/CompilerIdC.build/CompilerIdC.xcent -o /Users/liuyuxuan/Documents/KiwiEngine/build-xcode/CMakeFiles/3.25.1/CompilerIdC/CompilerIdC.build/Debug/CompilerIdC.build/CompilerIdC.xcent.der --raw

WriteAuxiliaryFile /Users/liuyuxuan/Documents/KiwiEngine/build-xcode/CMakeFiles/3.25.1/CompilerIdC/CompilerIdC.build/Debug/CompilerIdC.build/CompilerIdC-project-headers.hmap (in target 'CompilerIdC' from project 'CompilerIdC')
    cd /Users/liuyuxuan/Documents/KiwiEngine/build-xcode/CMakeFiles/3.25.1/CompilerIdC
    write-file /Users/liuyuxuan/Documents/KiwiEngine/build-xcode/CMakeFiles/3.25.1/CompilerIdC/CompilerIdC.build/Debug/CompilerIdC.build/CompilerIdC-project-headers.hmap

WriteAuxiliaryFile /Users/liuyuxuan/Documents/KiwiEngine/build-xcode/CMakeFiles/3.25.1/CompilerIdC/CompilerIdC.build/Debug/CompilerIdC.build/CompilerIdC.hmap (in target 'CompilerIdC' from project 'CompilerIdC')
    cd /Users/liuyuxuan/Documents/KiwiEngine/build-xcode/CMakeFiles/3.25.1/CompilerIdC
    write-file /Users/liuyuxuan/Documents/KiwiEngine/build-xcode/CMakeFiles/3.25.1/CompilerIdC/CompilerIdC.build/Debug/CompilerIdC.build/CompilerIdC.hmap

WriteAuxiliaryFile /Users/liuyuxuan/Documents/KiwiEngine/build-xcode/CMakeFiles/3.25.1/CompilerIdC/CompilerIdC.build/Debug/CompilerIdC.build/CompilerIdC-generated-files.hmap (in target 'CompilerIdC' from project 'CompilerIdC')
    cd /Users/liuyuxuan/Documents/KiwiEngine/build-xcode/CMakeFiles/3.25.1/CompilerIdC
    write-file /Users/liuyuxuan/Documents/KiwiEngine/build-xcode/CMakeFiles/3.25.1/CompilerIdC/CompilerIdC.build/Debug/CompilerIdC.build/CompilerIdC-generated-files.hmap

WriteAuxiliaryFile /Users/liuyuxuan/Documents/KiwiEngine/build-xcode/CMakeFiles/3.25.1/CompilerIdC/CompilerIdC.build/Debug/CompilerIdC.build/CompilerIdC-own-target-headers.hmap (in target 'CompilerIdC' from project 'CompilerIdC')
    cd /Users/liuyuxuan/Documents/KiwiEngine/build-xcode/CMakeFiles/3.25.1/CompilerIdC
    write-file /Users/liuyuxuan/Documents/KiwiEngine/build-xcode/CMakeFiles/3.25.1/CompilerIdC/CompilerIdC.build/Debug/CompilerIdC.build/CompilerIdC-own-target-headers.hmap

WriteAuxiliaryFile /Users/liuyuxuan/Documents/KiwiEngine/build-xcode/CMakeFiles/3.25.1/CompilerIdC/CompilerIdC.build/Debug/CompilerIdC.build/all-product-headers.yaml (in target 'CompilerIdC' from project 'CompilerIdC')
    cd /Users/liuyuxuan/Documents/KiwiEngine/build-xcode/CMakeFiles/3.25.1/CompilerIdC
    write-file /Users/liuyuxuan/Documents/KiwiEngine/build-xcode/CMakeFiles/3.25.1/CompilerIdC/CompilerIdC.build/Debug/CompilerIdC.build/all-product-headers.yaml

WriteAuxiliaryFile /Users/liuyuxuan/Documents/KiwiEngine/build-xcode/CMakeFiles/3.25.1/CompilerIdC/CompilerIdC.build/Debug/CompilerIdC.build/CompilerIdC-all-target-headers.hmap (in target 'CompilerIdC' from project 'CompilerIdC')
    cd /Users/liuyuxuan/Documents/KiwiEngine/build-xcode/CMakeFiles/3.25.1/CompilerIdC
    write-file /Users/liuyuxuan/Documents/KiwiEngine/build-xcode/CMakeFiles/3.25.1/CompilerIdC/CompilerIdC.build/Debug/CompilerIdC.build/CompilerIdC-all-target-headers.hmap

WriteAuxiliaryFile /Users/liuyuxuan/Documents/KiwiEngine/build-xcode/CMakeFiles/3.25.1/CompilerIdC/CompilerIdC.build/Debug/CompilerIdC.build/CompilerIdC-all-non-framework-target-headers.hmap (in target 'CompilerIdC' from project 'CompilerIdC')
    cd /Users/liuyuxuan/Documents/KiwiEngine/build-xcode/CMakeFiles/3.25.1/CompilerIdC
    write-file /Users/liuyuxuan/Documents/KiwiEngine/build-xcode/CMakeFiles/3.25.1/CompilerIdC/CompilerIdC.build/Debug/CompilerIdC.build/CompilerIdC-all-non-framework-target-headers.hmap

WriteAuxiliaryFile /Users/liuyuxuan/Documents/KiwiEngine/build-xcode/CMakeFiles/3.25.1/CompilerIdC/CompilerIdC.build/Debug/CompilerIdC.build/Objects-normal/x86_64/CompilerIdC.LinkFileList (in target 'CompilerIdC' from project 'CompilerIdC')
    cd /Users/liuyuxuan/Documents/KiwiEngine/build-xcode/CMakeFiles/3.25.1/CompilerIdC
    write-file /Users/liuyuxuan/Documents/KiwiEngine/build-xcode/CMakeFiles/3.25.1/CompilerIdC/CompilerIdC.build/Debug/CompilerIdC.build/Objects-normal/x86_64/CompilerIdC.LinkFileList

CompileC /Users/liuyuxuan/Documents/KiwiEngine/build-xcode/CMakeFiles/3.25.1/CompilerIdC/CompilerIdC.build/Debug/CompilerIdC.build/Objects-normal/x86_64/CMakeCCompilerId.o /Users/liuyuxuan/Documents/KiwiEngine/build-xcode/CMakeFiles/3.25.1/CompilerIdC/CMakeCCompilerId.c normal x86_64 c com.apple.compilers.llvm.clang.1_0.compiler (in target 'CompilerIdC' from project 'CompilerIdC')
    cd /Users/liuyuxuan/Documents/KiwiEngine/build-xcode/CMakeFiles/3.25.1/CompilerIdC
    /Applications/Xcode.app/Contents/Developer/Toolchains/XcodeDefault.xctoolchain/usr/bin/clang -x c -ivfsstatcache /var/folders/d_/qz91s5mx0r96yp3hzr6jhvlc0000gn/C/com.apple.DeveloperTools/15.1-15C65/Xcode/SDKStatCaches.noindex/macosx14.2-23C53-df0db8920d7ae99241a1bc0f08d2dced.sdkstatcache -target x86_64-apple-macos14.0 -fmessage-length\=0 -fdiagnostics-show-note-include-stack -fmacro-backtrace-limit\=0 -fno-color-diagnostics -Wno-trigraphs -fpascal-strings -Os -Wno-missing-field-initializers -Wno-missing-prototypes -Wno-return-type -Wno-missing-braces -Wparentheses -Wswitch -Wno-unused-function -Wno-unused-label -Wno-unused-parameter -Wno-unused-variable -Wunused-value -Wno-empty-body -Wno-uninitialized -Wno-unknown-pragmas -Wno-shadow -Wno-four-char-constants -Wno-conversion -Wno-constant-conversion -Wno-int-conversion -Wno-bool-conversion -Wno-enum-conversion -Wno-float-conversion -Wno-non-literal-null-conversion -Wno-objc-literal-conversion -Wshorten-64-to-32 -Wpointer-sign -Wno-newline-eof -Wno-implicit-fallthrough -isysroot /Applications/Xcode.app/Contents/Developer/Platforms/MacOSX.platform/Developer/SDKs/MacOSX14.2.sdk -fasm-blocks -fstrict-aliasing -Wdeprecated-declarations -g -fvisibility\=hidden -Wno-sign-conversion -Wno-infinite-recursion -Wno-comma -Wno-block-capture-autoreleasing -Wno-strict-prototypes -Wno-semicolon-before-method-body -iquote /Users/liuyuxuan/Documents/KiwiEngine/build-xcode/CMakeFiles/3.25.1/CompilerIdC/CompilerIdC.build/Debug/CompilerIdC.build/CompilerIdC-generated-files.hmap -I/Users/liuyuxuan/Documents/KiwiEngine/build-xcode/CMakeFiles/3.25.1/CompilerIdC/CompilerIdC.build/Debug/CompilerIdC.build/CompilerIdC-own-target-headers.hmap -I/Users/liuyuxuan/Documents/KiwiEngine/build-xcode/CMakeFiles/3.25.1/CompilerIdC/CompilerIdC.build/Debug/CompilerIdC.build/CompilerIdC-all-target-headers.hmap -iquote /Users/liuyuxuan/Documents/KiwiEngine/build-xcode/CMakeFiles/3.25.1/CompilerIdC/CompilerIdC.build/Debug/CompilerIdC.build/CompilerIdC-project-headers.hmap -I/Users/liuyuxuan/Documents/KiwiEngine/build-xcode/CMakeFiles/3.25.1/CompilerIdC/include -I/Users/liuyuxuan/Documents/KiwiEngine/build-xcode/CMakeFiles/3.25.1/CompilerIdC/CompilerIdC.build/Debug/CompilerIdC.build/DerivedSources-normal/x86_64 -I/Users/liuyuxuan/Documents/KiwiEngine/build-xcode/CMakeFiles/3.25.1/CompilerIdC/CompilerIdC.build/Debug/CompilerIdC.build/DerivedSources/x86_64 -I/Users/liuyuxuan/Documents/KiwiEngine/build-xcode/CMakeFiles/3.25.1/CompilerIdC/CompilerIdC.build/Debug/CompilerIdC.build/DerivedSources -F/Users/liuyuxuan/Documents/KiwiEngine/build-xcode/CMakeFiles/3.25.1/CompilerIdC -MMD -MT dependencies -MF /Users/liuyuxuan/Documents/KiwiEngine/build-xcode/CMakeFiles/3.25.1/CompilerIdC/CompilerIdC.build/Debug/CompilerIdC.build/Objects-normal/x86_64/CMakeCCompilerId.d --serialize-diagnostics /Users/liuyuxuan/Documents/KiwiEngine/build-xcode/CMakeFiles/3.25.1/CompilerIdC/CompilerIdC.build/Debug/CompilerIdC.build/Objects-normal/x86_64/CMakeCCompilerId.dia -c /Users/liuyuxuan/Documents/KiwiEngine/build-xcode/CMakeFiles/3.25.1/CompilerIdC/CMakeCCompilerId.c -o /Users/liuyuxuan/Documents/KiwiEngine/build-xcode/CMakeFiles/3.25.1/CompilerIdC/CompilerIdC.build/Debug/CompilerIdC.build/Objects-normal/x86_64/CMakeCCompilerId.o

Ld /Users/liuyuxuan/Documents/KiwiEngine/build-xcode/CMakeFiles/3.25.1/CompilerIdC/CompilerIdC normal (in target 'CompilerIdC' from project 'CompilerIdC')
    cd /Users/liuyuxuan/Documents/KiwiEngine/build-xcode/CMakeFiles/3.25.1/CompilerIdC
    /Applications/Xcode.app/Contents/Developer/Toolchains/XcodeDefault.xctoolchain/usr/bin/clang -Xlinker -reproducible -target x86_64-apple-macos14.0 -isysroot /Applications/Xcode.app/Contents/Developer/Platforms/MacOSX.platform/Developer/SDKs/MacOSX14.2.sdk -Os -L/Users/liuyuxuan/Documents/KiwiEngine/build-xcode/CMakeFiles/3.25.1/CompilerIdC/EagerLinkingTBDs/Debug -L/Users/liuyuxuan/Documents/KiwiEngine/build-xcode/CMakeFiles/3.25.1/CompilerIdC -F/Users/liuyuxuan/Documents/KiwiEngine/build-xcode/CMakeFiles/3.25.1/CompilerIdC/EagerLinkingTBDs/Debug -F/Users/liuyuxuan/Documents/KiwiEngine/build-xcode/CMakeFiles/3.25.1/CompilerIdC -filelist /Users/liuyuxuan/Documents/KiwiEngine/build-xcode/CMakeFiles/3.25.1/CompilerIdC/CompilerIdC.build/Debug/CompilerIdC.build/Objects-normal/x86_64/CompilerIdC.LinkFileList -Xlinker -object_path_lto -Xlinker /Users/liuyuxuan/Documents/KiwiEngine/build-xcode/CMakeFiles/3.25.1/CompilerIdC/CompilerIdC.build/Debug/CompilerIdC.build/Objects-normal/x86_64/CompilerIdC_lto.o -Xlinker -no_adhoc_codesign -Xlinker -dependency_info -Xlinker /Users/liuyuxuan/Documents/KiwiEngine/build-xcode/CMakeFiles/3.25.1/CompilerIdC/CompilerIdC.build/Debug/CompilerIdC.build/Objects-normal/x86_64/CompilerIdC_dependency_info.dat -o /Users/liuyuxuan/Documents/KiwiEngine/build-xcode/CMakeFiles/3.25.1/CompilerIdC/CompilerIdC

WriteAuxiliaryFile /Users/liuyuxuan/Documents/KiwiEngine/build-xcode/CMakeFiles/3.25.1/CompilerIdC/CompilerIdC.build/Debug/CompilerIdC.build/Script-2C8FEB8E15DC1A1A00E56A5D.sh (in target 'CompilerIdC' from project 'CompilerIdC')
    cd /Users/liuyuxuan/Documents/KiwiEngine/build-xcode/CMakeFiles/3.25.1/CompilerIdC
    write-file /Users/liuyuxuan/Documents/KiwiEngine/build-xcode/CMakeFiles/3.25.1/CompilerIdC/CompilerIdC.build/Debug/CompilerIdC.build/Script-2C8FEB8E15DC1A1A00E56A5D.sh

PhaseScriptExecution Run\ Script /Users/liuyuxuan/Documents/KiwiEngine/build-xcode/CMakeFiles/3.25.1/CompilerIdC/CompilerIdC.build/Debug/CompilerIdC.build/Script-2C8FEB8E15DC1A1A00E56A5D.sh (in target 'CompilerIdC' from project 'CompilerIdC')
    cd /Users/liuyuxuan/Documents/KiwiEngine/build-xcode/CMakeFiles/3.25.1/CompilerIdC
    /bin/sh -c /Users/liuyuxuan/Documents/KiwiEngine/build-xcode/CMakeFiles/3.25.1/CompilerIdC/CompilerIdC.build/Debug/CompilerIdC.build/Script-2C8FEB8E15DC1A1A00E56A5D.sh
GCC_VERSION=com.apple.compilers.llvm.clang.1_0
ARCHS=x86_64

CodeSign /Users/liuyuxuan/Documents/KiwiEngine/build-xcode/CMakeFiles/3.25.1/CompilerIdC/CompilerIdC (in target 'CompilerIdC' from project 'CompilerIdC')
    cd /Users/liuyuxuan/Documents/KiwiEngine/build-xcode/CMakeFiles/3.25.1/CompilerIdC
    
    Signing Identity:     "-"
    
    /usr/bin/codesign --force --sign - --entitlements /Users/liuyuxuan/Documents/KiwiEngine/build-xcode/CMakeFiles/3.25.1/CompilerIdC/CompilerIdC.build/Debug/CompilerIdC.build/CompilerIdC.xcent --timestamp\=none --generate-entitlement-der /Users/liuyuxuan/Documents/KiwiEngine/build-xcode/CMakeFiles/3.25.1/CompilerIdC/CompilerIdC

RegisterExecutionPolicyException /Users/liuyuxuan/Documents/KiwiEngine/build-xcode/CMakeFiles/3.25.1/CompilerIdC/CompilerIdC (in target 'CompilerIdC' from project 'CompilerIdC')
    cd /Users/liuyuxuan/Documents/KiwiEngine/build-xcode/CMakeFiles/3.25.1/CompilerIdC
    builtin-RegisterExecutionPolicyException /Users/liuyuxuan/Documents/KiwiEngine/build-xcode/CMakeFiles/3.25.1/CompilerIdC/CompilerIdC

warning: Traditional headermap style is no longer supported; please migrate to using separate headermaps and set 'ALWAYS_SEARCH_USER_PATHS' to NO. (in target 'CompilerIdC' from project 'CompilerIdC')
note: Run script build phase 'Run Script' will be run during every build because the option to run the script phase "Based on dependency analysis" is unchecked. (in target 'CompilerIdC' from project 'CompilerIdC')
** BUILD SUCCEEDED **



Compilation of the C compiler identification source "CMakeCCompilerId.c" produced "CompilerIdC"

The C compiler identification is AppleClang, found in "/Users/liuyuxuan/Documents/KiwiEngine/build-xcode/CMakeFiles/3.25.1/CompilerIdC/CompilerIdC"

Compiling the CXX compiler identification source file "CMakeCXXCompilerId.cpp" succeeded.
Compiler:  
Build flags: 
Id flags:  

The output was:
0
objc[78366]: Class _TtC12DVTDownloads14DownloadsAsset is implemented in both /Applications/Xcode.app/Contents/SharedFrameworks/DVTDownloads.framework/Versions/A/DVTDownloads (0x10d1daa18) and /Library/Developer/PrivateFrameworks/DVTDownloads.framework/Versions/A/DVTDownloads (0x115891880). This may cause spurious casting failures and mysterious crashes. One of the duplicates must be removed or renamed.
objc[78366]: Class _TtC12DVTDownloads16CryptexDiskImage is implemented in both /Applications/Xcode.app/Contents/SharedFrameworks/DVTDownloads.framework/Versions/A/DVTDownloads (0x10d1d9db8) and /Library/Developer/PrivateFrameworks/DVTDownloads.framework/Versions/A/DVTDownloads (0x115891d68). This may cause spurious casting failures and mysterious crashes. One of the duplicates must be removed or renamed.
objc[78366]: Class _TtC12DVTDownloads15CommandLineTool is implemented in both /Applications/Xcode.app/Contents/SharedFrameworks/DVTDownloads.framework/Versions/A/DVTDownloads (0x10d1da8c0) and /Library/Developer/PrivateFrameworks/DVTDownloads.framework/Versions/A/DVTDownloads (0x115892d30). This may cause spurious casting failures and mysterious crashes. One of the duplicates must be removed or renamed.
objc[78366]: Class _TtC12DVTDownloads14DiskImageTools is implemented in both /Applications/Xcode.app/Contents/SharedFrameworks/DVTDownloads.framework/Versions/A/DVTDownloads (0x10d1da6f0) and /Library/Developer/PrivateFrameworks/DVTDownloads.framework/Versions/A/DVTDownloads (0x115892de0). This may cause spurious casting failures and mysterious crashes. One of the duplicates must be removed or renamed.
objc[78366]: Class _TtC12DVTDownloads23SimulatorRuntimeCryptex is implemented in both /Applications/Xcode.app/Contents/SharedFrameworks/DVTDownloads.framework/Versions/A/DVTDownloads (0x10d1dace0) and /Library/Developer/PrivateFrameworks/DVTDownloads.framework/Versions/A/DVTDownloads (0x115893560). This may cause spurious casting failures and mysterious crashes. One of the duplicates must be removed or renamed.
Command line invocation:
    /Applications/Xcode.app/Contents/Developer/usr/bin/xcodebuild

User defaults from command line:
    IDEPackageSupportUseBuiltinSCM = YES

2026-09-27 10:02:35.307 xcodebuild[78366:4731166] [MT] IDELogStore: Failed to open log store at /Users/liuyuxuan/Library/Developer/Xcode/DerivedData/CompilerIdCXX-czklcjfbfpngvfhcojfqltiitmzp/Logs/Build
2026-09-27 10:02:35.311 xcodebuild[78366:4731166] [MT] IDELogStore: Failed to open Build log store: Error Domain=NSCocoaErrorDomain Code=4 "The file “LogStoreManifest.plist” doesn’t exist." UserInfo={NSFilePath=/Users/liuyuxuan/Library/Developer/Xcode/DerivedData/CompilerIdCXX-czklcjfbfpngvfhcojfqltiitmzp/Logs/Build/LogStoreManifest.plist, NSURL=file:///Users/liuyuxuan/Library/Developer/Xcode/DerivedData/CompilerIdCXX-czklcjfbfpngvfhcojfqltiitmzp/Logs/Build/LogStoreManifest.plist, NSUnderlyingError=0x7fb080a3e7f0 {Error Domain=NSPOSIXErrorDomain Code=2 "No such file or directory"}}. User info: {
    NSFilePath = "/Users/liuyuxuan/Library/Developer/Xcode/DerivedData/CompilerIdCXX-czklcjfbfpngvfhcojfqltiitmzp/Logs/Build/LogStoreManifest.plist";
    NSURL = "file:///Users/liuyuxuan/Library/Developer/Xcode/DerivedData/CompilerIdCXX-czklcjfbfpngvfhcojfqltiitmzp/Logs/Build/LogStoreManifest.plist";
    NSUnderlyingError = "Error Domain=NSPOSIXErrorDomain Code=2 \"No such file or directory\"";
}.
2026-09-27 10:02:35.853 xcodebuild[78366:4731166] [MT] IDELogStore: Failed to open log store at /Users/liuyuxuan/Library/Developer/Xcode/DerivedData/CompilerIdCXX-czklcjfbfpngvfhcojfqltiitmzp/Logs/Launch
2026-09-27 10:02:35.854 xcodebuild[78366:4731166] [MT] IDELogStore: Failed to open Launch log store: Error Domain=NSCocoaErrorDomain Code=4 "The file “LogStoreManifest.plist” doesn’t exist." UserInfo={NSFilePath=/Users/liuyuxuan/Library/Developer/Xcode/DerivedData/CompilerIdCXX-czklcjfbfpngvfhcojfqltiitmzp/Logs/Launch/LogStoreManifest.plist, NSURL=file:///Users/liuyuxuan/Library/Developer/Xcode/DerivedData/CompilerIdCXX-czklcjfbfpngvfhcojfqltiitmzp/Logs/Launch/LogStoreManifest.plist, NSUnderlyingError=0x7fb080de7780 {Error Domain=NSPOSIXErrorDomain Code=2 "No such file or directory"}}. User info: {
    NSFilePath = "/Users/liuyuxuan/Library/Developer/Xcode/DerivedData/CompilerIdCXX-czklcjfbfpngvfhcojfqltiitmzp/Logs/Launch/LogStoreManifest.plist";
    NSURL = "file:///Users/liuyuxuan/Library/Developer/Xcode/DerivedData/CompilerIdCXX-czklcjfbfpngvfhcojfqltiitmzp/Logs/Launch/LogStoreManifest.plist";
    NSUnderlyingError = "Error Domain=NSPOSIXErrorDomain Code=2 \"No such file or directory\"";
}.
2026-09-27 10:02:35.870 xcodebuild[78366:4731166] [MT] IDELogStore: Failed to open log store at /Users/liuyuxuan/Library/Developer/Xcode/DerivedData/CompilerIdCXX-czklcjfbfpngvfhcojfqltiitmzp/Logs/Package
2026-09-27 10:02:35.870 xcodebuild[78366:4731166] [MT] IDELogStore: Failed to open Package log store: Error Domain=NSCocoaErrorDomain Code=4 "The file “LogStoreManifest.plist” doesn’t exist." UserInfo={NSFilePath=/Users/liuyuxuan/Library/Developer/Xcode/DerivedData/CompilerIdCXX-czklcjfbfpngvfhcojfqltiitmzp/Logs/Package/LogStoreManifest.plist, NSURL=file:///Users/liuyuxuan/Library/Developer/Xcode/DerivedData/CompilerIdCXX-czklcjfbfpngvfhcojfqltiitmzp/Logs/Package/LogStoreManifest.plist, NSUnderlyingError=0x7fb085c22670 {Error Domain=NSPOSIXErrorDomain Code=2 "No such file or directory"}}. User info: {
    NSFilePath = "/Users/liuyuxuan/Library/Developer/Xcode/DerivedData/CompilerIdCXX-czklcjfbfpngvfhcojfqltiitmzp/Logs/Package/LogStoreManifest.plist";
    NSURL = "file:///Users/liuyuxuan/Library/Developer/Xcode/DerivedData/CompilerIdCXX-czklcjfbfpngvfhcojfqltiitmzp/Logs/Package/LogStoreManifest.plist";
    NSUnderlyingError = "Error Domain=NSPOSIXErrorDomain Code=2 \"No such file or directory\"";
}.
2026-09-27 10:02:35.923 xcodebuild[78366:4731166] [MT] IDELogStore: Failed to open log store at /Users/liuyuxuan/Library/Developer/Xcode/DerivedData/CompilerIdCXX-czklcjfbfpngvfhcojfqltiitmzp/Logs/Test
2026-09-27 10:02:35.923 xcodebuild[78366:4731166] [MT] IDELogStore: Failed to open Test log store: Error Domain=NSCocoaErrorDomain Code=4 "The file “LogStoreManifest.plist” doesn’t exist." UserInfo={NSFilePath=/Users/liuyuxuan/Library/Developer/Xcode/DerivedData/CompilerIdCXX-czklcjfbfpngvfhcojfqltiitmzp/Logs/Test/LogStoreManifest.plist, NSURL=file:///Users/liuyuxuan/Library/Developer/Xcode/DerivedData/CompilerIdCXX-czklcjfbfpngvfhcojfqltiitmzp/Logs/Test/LogStoreManifest.plist, NSUnderlyingError=0x7fb084e9b9a0 {Error Domain=NSPOSIXErrorDomain Code=2 "No such file or directory"}}. User info: {
    NSFilePath = "/Users/liuyuxuan/Library/Developer/Xcode/DerivedData/CompilerIdCXX-czklcjfbfpngvfhcojfqltiitmzp/Logs/Test/LogStoreManifest.plist";
    NSURL = "file:///Users/liuyuxuan/Library/Developer/Xcode/DerivedData/CompilerIdCXX-czklcjfbfpngvfhcojfqltiitmzp/Logs/Test/LogStoreManifest.plist";
    NSUnderlyingError = "Error Domain=NSPOSIXErrorDomain Code=2 \"No such file or directory\"";
}.
2026-09-27 10:02:35.971 xcodebuild[78366:4731166] [MT] IDELogStore: Failed to open log store at /Users/liuyuxuan/Library/Developer/Xcode/DerivedData/CompilerIdCXX-czklcjfbfpngvfhcojfqltiitmzp/Logs/Package
2026-09-27 10:02:35.972 xcodebuild[78366:4731166] [MT] IDELogStore: Failed to open Package log store: Error Domain=NSCocoaErrorDomain Code=4 "The file “LogStoreManifest.plist” doesn’t exist." UserInfo={NSFilePath=/Users/liuyuxuan/Library/Developer/Xcode/DerivedData/CompilerIdCXX-czklcjfbfpngvfhcojfqltiitmzp/Logs/Package/LogStoreManifest.plist, NSURL=file:///Users/liuyuxuan/Library/Developer/Xcode/DerivedData/CompilerIdCXX-czklcjfbfpngvfhcojfqltiitmzp/Logs/Package/LogStoreManifest.plist, NSUnderlyingError=0x7fb084efaaf0 {Error Domain=NSPOSIXErrorDomain Code=2 "No such file or directory"}}. User info: {
    NSFilePath = "/Users/liuyuxuan/Library/Developer/Xcode/DerivedData/CompilerIdCXX-czklcjfbfpngvfhcojfqltiitmzp/Logs/Package/LogStoreManifest.plist";
    NSURL = "file:///Users/liuyuxuan/Library/Developer/Xcode/DerivedData/CompilerIdCXX-czklcjfbfpngvfhcojfqltiitmzp/Logs/Package/LogStoreManifest.plist";
    NSUnderlyingError = "Error Domain=NSPOSIXErrorDomain Code=2 \"No such file or directory\"";
}.
ComputeTargetDependencyGraph
warning: Building targets in manual order is deprecated - check "Parallelize build for command-line builds" in the project editor, or set DISABLE_MANUAL_TARGET_ORDER_BUILD_WARNING in any of the targets in the current build to suppress this warning
note: Target dependency graph (1 target)
    Target 'CompilerIdCXX' in project 'CompilerIdCXX' (no dependencies)

GatherProvisioningInputs

CreateBuildDescription
Build description signature: 72a9ea4c49b6115fa14a7c7e992a4c94
Build description path: /Users/liuyuxuan/Documents/KiwiEngine/build-xcode/CMakeFiles/3.25.1/CompilerIdCXX/./XCBuildData/72a9ea4c49b6115fa14a7c7e992a4c94.xcbuilddata

CreateBuildDirectory /Users/liuyuxuan/Documents/KiwiEngine/build-xcode/CMakeFiles/3.25.1/CompilerIdCXX
    cd /Users/liuyuxuan/Documents/KiwiEngine/build-xcode/CMakeFiles/3.25.1/CompilerIdCXX/CompilerIdCXX.xcodeproj
    builtin-create-build-directory /Users/liuyuxuan/Documents/KiwiEngine/build-xcode/CMakeFiles/3.25.1/CompilerIdCXX

ClangStatCache /Applications/Xcode.app/Contents/Developer/Toolchains/XcodeDefault.xctoolchain/usr/bin/clang-stat-cache /Applications/Xcode.app/Contents/Developer/Platforms/MacOSX.platform/Developer/SDKs/MacOSX14.2.sdk /var/folders/d_/qz91s5mx0r96yp3hzr6jhvlc0000gn/C/com.apple.DeveloperTools/15.1-15C65/Xcode/SDKStatCaches.noindex/macosx14.2-23C53-df0db8920d7ae99241a1bc0f08d2dced.sdkstatcache
    cd /Users/liuyuxuan/Documents/KiwiEngine/build-xcode/CMakeFiles/3.25.1/CompilerIdCXX/CompilerIdCXX.xcodeproj
    /Applications/Xcode.app/Contents/Developer/Toolchains/XcodeDefault.xctoolchain/usr/bin/clang-stat-cache /Applications/Xcode.app/Contents/Developer/Platforms/MacOSX.platform/Developer/SDKs/MacOSX14.2.sdk -o /var/folders/d_/qz91s5mx0r96yp3hzr6jhvlc0000gn/C/com.apple.DeveloperTools/15.1-15C65/Xcode/SDKStatCaches.noindex/macosx14.2-23C53-df0db8920d7ae99241a1bc0f08d2dced.sdkstatcache

CreateBuildDirectory /Users/liuyuxuan/Documents/KiwiEngine/build-xcode/CMakeFiles/3.25.1/CompilerIdCXX/EagerLinkingTBDs/Debug
    cd /Users/liuyuxuan/Documents/KiwiEngine/build-xcode/CMakeFiles/3.25.1/CompilerIdCXX/CompilerIdCXX.xcodeproj
    builtin-create-build-directory /Users/liuyuxuan/Documents/KiwiEngine/build-xcode/CMakeFiles/3.25.1/CompilerIdCXX/EagerLinkingTBDs/Debug

WriteAuxiliaryFile /Users/liuyuxuan/Documents/KiwiEngine/build-xcode/CMakeFiles/3.25.1/CompilerIdCXX/CompilerIdCXX.build/Debug/CompilerIdCXX.build/DerivedSources/Entitlements.plist (in target 'CompilerIdCXX' from project 'CompilerIdCXX')
    cd /Users/liuyuxuan/Documents/KiwiEngine/build-xcode/CMakeFiles/3.25.1/CompilerIdCXX
    write-file /Users/liuyuxuan/Documents/KiwiEngine/build-xcode/CMakeFiles/3.25.1/CompilerIdCXX/CompilerIdCXX.build/Debug/CompilerIdCXX.build/DerivedSources/Entitlements.plist

ProcessProductPackaging "" /Users/liuyuxuan/Documents/KiwiEngine/build-xcode/CMakeFiles/3.25.1/CompilerIdCXX/CompilerIdCXX.build/Debug/CompilerIdCXX.build/CompilerIdCXX.xcent (in target 'CompilerIdCXX' from project 'CompilerIdCXX')
    cd /Users/liuyuxuan/Documents/KiwiEngine/build-xcode/CMakeFiles/3.25.1/CompilerIdCXX
    
    Entitlements:
    
    {
    "com.apple.application-identifier" = "";
    "com.apple.security.get-task-allow" = 1;
}
    
    builtin-productPackagingUtility -entitlements -format xml -o /Users/liuyuxuan/Documents/KiwiEngine/build-xcode/CMakeFiles/3.25.1/CompilerIdCXX/CompilerIdCXX.build/Debug/CompilerIdCXX.build/CompilerIdCXX.xcent

ProcessProductPackagingDER /Users/liuyuxuan/Documents/KiwiEngine/build-xcode/CMakeFiles/3.25.1/CompilerIdCXX/CompilerIdCXX.build/Debug/CompilerIdCXX.build/CompilerIdCXX.xcent /Users/liuyuxuan/Documents/KiwiEngine/build-xcode/CMakeFiles/3.25.1/CompilerIdCXX/CompilerIdCXX.build/Debug/CompilerIdCXX.build/CompilerIdCXX.xcent.der (in target 'CompilerIdCXX' from project 'CompilerIdCXX')
    cd /Users/liuyuxuan/Documents/KiwiEngine/build-xcode/CMakeFiles/3.25.1/CompilerIdCXX
    /usr/bin/derq query -f xml -i /Users/liuyuxuan/Documents/KiwiEngine/build-xcode/CMakeFiles/3.25.1/CompilerIdCXX/CompilerIdCXX.build/Debug/CompilerIdCXX.build/CompilerIdCXX.xcent -o /Users/liuyuxuan/Documents/KiwiEngine/build-xcode/CMakeFiles/3.25.1/CompilerIdCXX/CompilerIdCXX.build/Debug/CompilerIdCXX.build/CompilerIdCXX.xcent.der --raw

WriteAuxiliaryFile /Users/liuyuxuan/Documents/KiwiEngine/build-xcode/CMakeFiles/3.25.1/CompilerIdCXX/CompilerIdCXX.build/Debug/CompilerIdCXX.build/all-product-headers.yaml (in target 'CompilerIdCXX' from project 'CompilerIdCXX')
    cd /Users/liuyuxuan/Documents/KiwiEngine/build-xcode/CMakeFiles/3.25.1/CompilerIdCXX
    write-file /Users/liuyuxuan/Documents/KiwiEngine/build-xcode/CMakeFiles/3.25.1/CompilerIdCXX/CompilerIdCXX.build/Debug/CompilerIdCXX.build/all-product-headers.yaml

WriteAuxiliaryFile /Users/liuyuxuan/Documents/KiwiEngine/build-xcode/CMakeFiles/3.25.1/CompilerIdCXX/CompilerIdCXX.build/Debug/CompilerIdCXX.build/CompilerIdCXX.hmap (in target 'CompilerIdCXX' from project 'CompilerIdCXX')
    cd /Users/liuyuxuan/Documents/KiwiEngine/build-xcode/CMakeFiles/3.25.1/CompilerIdCXX
    write-file /Users/liuyuxuan/Documents/KiwiEngine/build-xcode/CMakeFiles/3.25.1/CompilerIdCXX/CompilerIdCXX.build/Debug/CompilerIdCXX.build/CompilerIdCXX.hmap

WriteAuxiliaryFile /Users/liuyuxuan/Documents/KiwiEngine/build-xcode/CMakeFiles/3.25.1/CompilerIdCXX/CompilerIdCXX.build/Debug/CompilerIdCXX.build/CompilerIdCXX-project-headers.hmap (in target 'CompilerIdCXX' from project 'CompilerIdCXX')
    cd /Users/liuyuxuan/Documents/KiwiEngine/build-xcode/CMakeFiles/3.25.1/CompilerIdCXX
    write-file /Users/liuyuxuan/Documents/KiwiEngine/build-xcode/CMakeFiles/3.25.1/CompilerIdCXX/CompilerIdCXX.build/Debug/CompilerIdCXX.build/CompilerIdCXX-project-headers.hmap

WriteAuxiliaryFile /Users/liuyuxuan/Documents/KiwiEngine/build-xcode/CMakeFiles/3.25.1/CompilerIdCXX/CompilerIdCXX.build/Debug/CompilerIdCXX.build/CompilerIdCXX-generated-files.hmap (in target 'CompilerIdCXX' from project 'CompilerIdCXX')
    cd /Users/liuyuxuan/Documents/KiwiEngine/build-xcode/CMakeFiles/3.25.1/CompilerIdCXX
    write-file /Users/liuyuxuan/Documents/KiwiEngine/build-xcode/CMakeFiles/3.25.1/CompilerIdCXX/CompilerIdCXX.build/Debug/CompilerIdCXX.build/CompilerIdCXX-generated-files.hmap

WriteAuxiliaryFile /Users/liuyuxuan/Documents/KiwiEngine/build-xcode/CMakeFiles/3.25.1/CompilerIdCXX/CompilerIdCXX.build/Debug/CompilerIdCXX.build/CompilerIdCXX-own-target-headers.hmap (in target 'CompilerIdCXX' from project 'CompilerIdCXX')
    cd /Users/liuyuxuan/Documents/KiwiEngine/build-xcode/CMakeFiles/3.25.1/CompilerIdCXX
    write-file /Users/liuyuxuan/Documents/KiwiEngine/build-xcode/CMakeFiles/3.25.1/CompilerIdCXX/CompilerIdCXX.build/Debug/CompilerIdCXX.build/CompilerIdCXX-own-target-headers.hmap

WriteAuxiliaryFile /Users/liuyuxuan/Documents/KiwiEngine/build-xcode/CMakeFiles/3.25.1/CompilerIdCXX/CompilerIdCXX.build/Debug/CompilerIdCXX.build/CompilerIdCXX-all-non-framework-target-headers.hmap (in target 'CompilerIdCXX' from project 'CompilerIdCXX')
    cd /Users/liuyuxuan/Documents/KiwiEngine/build-xcode/CMakeFiles/3.25.1/CompilerIdCXX
    write-file /Users/liuyuxuan/Documents/KiwiEngine/build-xcode/CMakeFiles/3.25.1/CompilerIdCXX/CompilerIdCXX.build/Debug/CompilerIdCXX.build/CompilerIdCXX-all-non-framework-target-headers.hmap

WriteAuxiliaryFile /Users/liuyuxuan/Documents/KiwiEngine/build-xcode/CMakeFiles/3.25.1/CompilerIdCXX/CompilerIdCXX.build/Debug/CompilerIdCXX.build/CompilerIdCXX-all-target-headers.hmap (in target 'CompilerIdCXX' from project 'CompilerIdCXX')
    cd /Users/liuyuxuan/Documents/KiwiEngine/build-xcode/CMakeFiles/3.25.1/CompilerIdCXX
    write-file /Users/liuyuxuan/Documents/KiwiEngine/build-xcode/CMakeFiles/3.25.1/CompilerIdCXX/CompilerIdCXX.build/Debug/CompilerIdCXX.build/CompilerIdCXX-all-target-headers.hmap

WriteAuxiliaryFile /Users/liuyuxuan/Documents/KiwiEngine/build-xcode/CMakeFiles/3.25.1/CompilerIdCXX/CompilerIdCXX.build/Debug/CompilerIdCXX.build/Objects-normal/x86_64/CompilerIdCXX.LinkFileList (in target 'CompilerIdCXX' from project 'CompilerIdCXX')
    cd /Users/liuyuxuan/Documents/KiwiEngine/build-xcode/CMakeFiles/3.25.1/CompilerIdCXX
    write-file /Users/liuyuxuan/Documents/KiwiEngine/build-xcode/CMakeFiles/3.25.1/CompilerIdCXX/CompilerIdCXX.build/Debug/CompilerIdCXX.build/Objects-normal/x86_64/CompilerIdCXX.LinkFileList

CompileC /Users/liuyuxuan/Documents/KiwiEngine/build-xcode/CMakeFiles/3.25.1/CompilerIdCXX/CompilerIdCXX.build/Debug/CompilerIdCXX.build/Objects-normal/x86_64/CMakeCXXCompilerId.o /Users/liuyuxuan/Documents/KiwiEngine/build-xcode/CMakeFiles/3.25.1/CompilerIdCXX/CMakeCXXCompilerId.cpp normal x86_64 c++ com.apple.compilers.llvm.clang.1_0.compiler (in target 'CompilerIdCXX' from project 'CompilerIdCXX')
    cd /Users/liuyuxuan/Documents/KiwiEngine/build-xcode/CMakeFiles/3.25.1/CompilerIdCXX
    /Applications/Xcode.app/Contents/Developer/Toolchains/XcodeDefault.xctoolchain/usr/bin/clang -x c++ -ivfsstatcache /var/folders/d_/qz91s5mx0r96yp3hzr6jhvlc0000gn/C/com.apple.DeveloperTools/15.1-15C65/Xcode/SDKStatCaches.noindex/macosx14.2-23C53-df0db8920d7ae99241a1bc0f08d2dced.sdkstatcache -target x86_64-apple-macos14.0 -fmessage-length\=0 -fdiagnostics-show-note-include-stack -fmacro-backtrace-limit\=0 -fno-color-diagnostics -Wno-trigraphs -fpascal-strings -Os -Wno-missing-field-initializers -Wno-missing-prototypes -Wno-return-type -Wno-non-virtual-dtor -Wno-overloaded-virtual -Wno-exit-time-destructors -Wno-missing-braces -Wparentheses -Wswitch -Wno-unused-function -Wno-unused-label -Wno-unused-parameter -Wno-unused-variable -Wunused-value -Wno-empty-body -Wno-uninitialized -Wno-unknown-pragmas -Wno-shadow -Wno-four-char-constants -Wno-conversion -Wno-constant-conversion -Wno-int-conversion -Wno-bool-conversion -Wno-enum-conversion -Wno-float-conversion -Wno-non-literal-null-conversion -Wno-objc-literal-conversion -Wshorten-64-to-32 -Wno-newline-eof -Wno-c++11-extensions -Wno-implicit-fallthrough -isysroot /Applications/Xcode.app/Contents/Developer/Platforms/MacOSX.platform/Developer/SDKs/MacOSX14.2.sdk -fasm-blocks -fstrict-aliasing -Wdeprecated-declarations -Winvalid-offsetof -g -fvisibility\=hidden -fvisibility-inlines-hidden -Wno-sign-conversion -Wno-infinite-recursion -Wno-move -Wno-comma -Wno-block-capture-autoreleasing -Wno-strict-prototypes -Wno-range-loop-analysis -Wno-semicolon-before-method-body -iquote /Users/liuyuxuan/Documents/KiwiEngine/build-xcode/CMakeFiles/3.25.1/CompilerIdCXX/CompilerIdCXX.build/Debug/CompilerIdCXX.build/CompilerIdCXX-generated-files.hmap -I/Users/liuyuxuan/Documents/KiwiEngine/build-xcode/CMakeFiles/3.25.1/CompilerIdCXX/CompilerIdCXX.build/Debug/CompilerIdCXX.build/CompilerIdCXX-own-target-headers.hmap -I/Users/liuyuxuan/Documents/KiwiEngine/build-xcode/CMakeFiles/3.25.1/CompilerIdCXX/CompilerIdCXX.build/Debug/CompilerIdCXX.build/CompilerIdCXX-all-target-headers.hmap -iquote /Users/liuyuxuan/Documents/KiwiEngine/build-xcode/CMakeFiles/3.25.1/CompilerIdCXX/CompilerIdCXX.build/Debug/CompilerIdCXX.build/CompilerIdCXX-project-headers.hmap -I/Users/liuyuxuan/Documents/KiwiEngine/build-xcode/CMakeFiles/3.25.1/CompilerIdCXX/include -I/Users/liuyuxuan/Documents/KiwiEngine/build-xcode/CMakeFiles/3.25.1/CompilerIdCXX/CompilerIdCXX.build/Debug/CompilerIdCXX.build/DerivedSources-normal/x86_64 -I/Users/liuyuxuan/Documents/KiwiEngine/build-xcode/CMakeFiles/3.25.1/CompilerIdCXX/CompilerIdCXX.build/Debug/CompilerIdCXX.build/DerivedSources/x86_64 -I/Users/liuyuxuan/Documents/KiwiEngine/build-xcode/CMakeFiles/3.25.1/CompilerIdCXX/CompilerIdCXX.build/Debug/CompilerIdCXX.build/DerivedSources -F/Users/liuyuxuan/Documents/KiwiEngine/build-xcode/CMakeFiles/3.25.1/CompilerIdCXX -MMD -MT dependencies -MF /Users/liuyuxuan/Documents/KiwiEngine/build-xcode/CMakeFiles/3.25.1/CompilerIdCXX/CompilerIdCXX.build/Debug/CompilerIdCXX.build/Objects-normal/x86_64/CMakeCXXCompilerId.d --serialize-diagnostics /Users/liuyuxuan/Documents/KiwiEngine/build-xcode/CMakeFiles/3.25.1/CompilerIdCXX/CompilerIdCXX.build/Debug/CompilerIdCXX.build/Objects-normal/x86_64/CMakeCXXCompilerId.dia -c /Users/liuyuxuan/Documents/KiwiEngine/build-xcode/CMakeFiles/3.25.1/CompilerIdCXX/CMakeCXXCompilerId.cpp -o /Users/liuyuxuan/Documents/KiwiEngine/build-xcode/CMakeFiles/3.25.1/CompilerIdCXX/CompilerIdCXX.build/Debug/CompilerIdCXX.build/Objects-normal/x86_64/CMakeCXXCompilerId.o

Ld /Users/liuyuxuan/Documents/KiwiEngine/build-xcode/CMakeFiles/3.25.1/CompilerIdCXX/CompilerIdCXX normal (in target 'CompilerIdCXX' from project 'CompilerIdCXX')
    cd /Users/liuyuxuan/Documents/KiwiEngine/build-xcode/CMakeFiles/3.25.1/CompilerIdCXX
    /Applications/Xcode.app/Contents/Developer/Toolchains/XcodeDefault.xctoolchain/usr/bin/clang++ -Xlinker -reproducible -target x86_64-apple-macos14.0 -isysroot /Applications/Xcode.app/Contents/Developer/Platforms/MacOSX.platform/Developer/SDKs/MacOSX14.2.sdk -Os -L/Users/liuyuxuan/Documents/KiwiEngine/build-xcode/CMakeFiles/3.25.1/CompilerIdCXX/EagerLinkingTBDs/Debug -L/Users/liuyuxuan/Documents/KiwiEngine/build-xcode/CMakeFiles/3.25.1/CompilerIdCXX -F/Users/liuyuxuan/Documents/KiwiEngine/build-xcode/CMakeFiles/3.25.1/CompilerIdCXX/EagerLinkingTBDs/Debug -F/Users/liuyuxuan/Documents/KiwiEngine/build-xcode/CMakeFiles/3.25.1/CompilerIdCXX -filelist /Users/liuyuxuan/Documents/KiwiEngine/build-xcode/CMakeFiles/3.25.1/CompilerIdCXX/CompilerIdCXX.build/Debug/CompilerIdCXX.build/Objects-normal/x86_64/CompilerIdCXX.LinkFileList -Xlinker -object_path_lto -Xlinker /Users/liuyuxuan/Documents/KiwiEngine/build-xcode/CMakeFiles/3.25.1/CompilerIdCXX/CompilerIdCXX.build/Debug/CompilerIdCXX.build/Objects-normal/x86_64/CompilerIdCXX_lto.o -Xlinker -no_adhoc_codesign -Xlinker -dependency_info -Xlinker /Users/liuyuxuan/Documents/KiwiEngine/build-xcode/CMakeFiles/3.25.1/CompilerIdCXX/CompilerIdCXX.build/Debug/CompilerIdCXX.build/Objects-normal/x86_64/CompilerIdCXX_dependency_info.dat -o /Users/liuyuxuan/Documents/KiwiEngine/build-xcode/CMakeFiles/3.25.1/CompilerIdCXX/CompilerIdCXX

WriteAuxiliaryFile /Users/liuyuxuan/Documents/KiwiEngine/build-xcode/CMakeFiles/3.25.1/CompilerIdCXX/CompilerIdCXX.build/Debug/CompilerIdCXX.build/Script-2C8FEB8E15DC1A1A00E56A5D.sh (in target 'CompilerIdCXX' from project 'CompilerIdCXX')
    cd /Users/liuyuxuan/Documents/KiwiEngine/build-xcode/CMakeFiles/3.25.1/CompilerIdCXX
    write-file /Users/liuyuxuan/Documents/KiwiEngine/build-xcode/CMakeFiles/3.25.1/CompilerIdCXX/CompilerIdCXX.build/Debug/CompilerIdCXX.build/Script-2C8FEB8E15DC1A1A00E56A5D.sh

PhaseScriptExecution Run\ Script /Users/liuyuxuan/Documents/KiwiEngine/build-xcode/CMakeFiles/3.25.1/CompilerIdCXX/CompilerIdCXX.build/Debug/CompilerIdCXX.build/Script-2C8FEB8E15DC1A1A00E56A5D.sh (in target 'CompilerIdCXX' from project 'CompilerIdCXX')
    cd /Users/liuyuxuan/Documents/KiwiEngine/build-xcode/CMakeFiles/3.25.1/CompilerIdCXX
    /bin/sh -c /Users/liuyuxuan/Documents/KiwiEngine/build-xcode/CMakeFiles/3.25.1/CompilerIdCXX/CompilerIdCXX.build/Debug/CompilerIdCXX.build/Script-2C8FEB8E15DC1A1A00E56A5D.sh
GCC_VERSION=com.apple.compilers.llvm.clang.1_0
ARCHS=x86_64

CodeSign /Users/liuyuxuan/Documents/KiwiEngine/build-xcode/CMakeFiles/3.25.1/CompilerIdCXX/CompilerIdCXX (in target 'CompilerIdCXX' from project 'CompilerIdCXX')
    cd /Users/liuyuxuan/Documents/KiwiEngine/build-xcode/CMakeFiles/3.25.1/CompilerIdCXX
    
    Signing Identity:     "-"
    
    /usr/bin/codesign --force --sign - --entitlements /Users/liuyuxuan/Documents/KiwiEngine/build-xcode/CMakeFiles/3.25.1/CompilerIdCXX/CompilerIdCXX.build/Debug/CompilerIdCXX.build/CompilerIdCXX.xcent --timestamp\=none --generate-entitlement-der /Users/liuyuxuan/Documents/KiwiEngine/build-xcode/CMakeFiles/3.25.1/CompilerIdCXX/CompilerIdCXX

RegisterExecutionPolicyException /Users/liuyuxuan/Documents/KiwiEngine/build-xcode/CMakeFiles/3.25.1/CompilerIdCXX/CompilerIdCXX (in target 'CompilerIdCXX' from project 'CompilerIdCXX')
    cd /Users/liuyuxuan/Documents/KiwiEngine/build-xcode/CMakeFiles/3.25.1/CompilerIdCXX
    builtin-RegisterExecutionPolicyException /Users/liuyuxuan/Documents/KiwiEngine/build-xcode/CMakeFiles/3.25.1/CompilerIdCXX/CompilerIdCXX

warning: Traditional headermap style is no longer supported; please migrate to using separate headermaps and set 'ALWAYS_SEARCH_USER_PATHS' to NO. (in target 'CompilerIdCXX' from project 'CompilerIdCXX')
note: Run script build phase 'Run Script' will be run during every build because the option to run the script phase "Based on dependency analysis" is unchecked. (in target 'CompilerIdCXX' from project 'CompilerIdCXX')
** BUILD SUCCEEDED **



Compilation of the CXX compiler identification source "CMakeCXXCompilerId.cpp" produced "CompilerIdCXX"

The CXX compiler identification is AppleClang, found in "/Users/liuyuxuan/Documents/KiwiEngine/build-xcode/CMakeFiles/3.25.1/CompilerIdCXX/CompilerIdCXX"

Detecting C compiler ABI info compiled with the following output:
Change Dir: /Users/liuyuxuan/Documents/KiwiEngine/build-xcode/CMakeFiles/CMakeScratch/TryCompile-srvWBr

Run Build Command(s):/usr/bin/xcodebuild -project CMAKE_TRY_COMPILE.xcodeproj build -target cmTC_039a3 -parallelizeTargets -configuration Debug -hideShellScriptEnvironment && objc[78427]: Class _TtC12DVTDownloads14DownloadsAsset is implemented in both /Applications/Xcode.app/Contents/SharedFrameworks/DVTDownloads.framework/Versions/A/DVTDownloads (0x10ab75a18) and /Library/Developer/PrivateFrameworks/DVTDownloads.framework/Versions/A/DVTDownloads (0x11322b880). This may cause spurious casting failures and mysterious crashes. One of the duplicates must be removed or renamed.
objc[78427]: Class _TtC12DVTDownloads16CryptexDiskImage is implemented in both /Applications/Xcode.app/Contents/SharedFrameworks/DVTDownloads.framework/Versions/A/DVTDownloads (0x10ab74db8) and /Library/Developer/PrivateFrameworks/DVTDownloads.framework/Versions/A/DVTDownloads (0x11322bd68). This may cause spurious casting failures and mysterious crashes. One of the duplicates must be removed or renamed.
objc[78427]: Class _TtC12DVTDownloads15CommandLineTool is implemented in both /Applications/Xcode.app/Contents/SharedFrameworks/DVTDownloads.framework/Versions/A/DVTDownloads (0x10ab758c0) and /Library/Developer/PrivateFrameworks/DVTDownloads.framework/Versions/A/DVTDownloads (0x11322cd30). This may cause spurious casting failures and mysterious crashes. One of the duplicates must be removed or renamed.
objc[78427]: Class _TtC12DVTDownloads14DiskImageTools is implemented in both /Applications/Xcode.app/Contents/SharedFrameworks/DVTDownloads.framework/Versions/A/DVTDownloads (0x10ab756f0) and /Library/Developer/PrivateFrameworks/DVTDownloads.framework/Versions/A/DVTDownloads (0x11322cde0). This may cause spurious casting failures and mysterious crashes. One of the duplicates must be removed or renamed.
objc[78427]: Class _TtC12DVTDownloads23SimulatorRuntimeCryptex is implemented in both /Applications/Xcode.app/Contents/SharedFrameworks/DVTDownloads.framework/Versions/A/DVTDownloads (0x10ab75ce0) and /Library/Developer/PrivateFrameworks/DVTDownloads.framework/Versions/A/DVTDownloads (0x11322d560). This may cause spurious casting failures and mysterious crashes. One of the duplicates must be removed or renamed.
Command line invocation:
    /Applications/Xcode.app/Contents/Developer/usr/bin/xcodebuild -project CMAKE_TRY_COMPILE.xcodeproj build -target cmTC_039a3 -parallelizeTargets -configuration Debug -hideShellScriptEnvironment

User defaults from command line:
    HideShellScriptEnvironment = YES
    IDEPackageSupportUseBuiltinSCM = YES

2026-09-27 10:02:40.530 xcodebuild[78427:4731406] [MT] IDELogStore: Failed to open log store at /Users/liuyuxuan/Library/Developer/Xcode/DerivedData/CMAKE_TRY_COMPILE-fcjwsbugidtmxxfzoidodnqlgnkn/Logs/Build
2026-09-27 10:02:40.534 xcodebuild[78427:4731406] [MT] IDELogStore: Failed to open Build log store: Error Domain=NSCocoaErrorDomain Code=4 "The file “LogStoreManifest.plist” doesn’t exist." UserInfo={NSFilePath=/Users/liuyuxuan/Library/Developer/Xcode/DerivedData/CMAKE_TRY_COMPILE-fcjwsbugidtmxxfzoidodnqlgnkn/Logs/Build/LogStoreManifest.plist, NSURL=file:///Users/liuyuxuan/Library/Developer/Xcode/DerivedData/CMAKE_TRY_COMPILE-fcjwsbugidtmxxfzoidodnqlgnkn/Logs/Build/LogStoreManifest.plist, NSUnderlyingError=0x7fa544552420 {Error Domain=NSPOSIXErrorDomain Code=2 "No such file or directory"}}. User info: {
    NSFilePath = "/Users/liuyuxuan/Library/Developer/Xcode/DerivedData/CMAKE_TRY_COMPILE-fcjwsbugidtmxxfzoidodnqlgnkn/Logs/Build/LogStoreManifest.plist";
    NSURL = "file:///Users/liuyuxuan/Library/Developer/Xcode/DerivedData/CMAKE_TRY_COMPILE-fcjwsbugidtmxxfzoidodnqlgnkn/Logs/Build/LogStoreManifest.plist";
    NSUnderlyingError = "Error Domain=NSPOSIXErrorDomain Code=2 \"No such file or directory\"";
}.
2026-09-27 10:02:40.825 xcodebuild[78427:4731406] [MT] IDELogStore: Failed to open log store at /Users/liuyuxuan/Library/Developer/Xcode/DerivedData/CMAKE_TRY_COMPILE-fcjwsbugidtmxxfzoidodnqlgnkn/Logs/Launch
2026-09-27 10:02:40.826 xcodebuild[78427:4731406] [MT] IDELogStore: Failed to open Launch log store: Error Domain=NSCocoaErrorDomain Code=4 "The file “LogStoreManifest.plist” doesn’t exist." UserInfo={NSFilePath=/Users/liuyuxuan/Library/Developer/Xcode/DerivedData/CMAKE_TRY_COMPILE-fcjwsbugidtmxxfzoidodnqlgnkn/Logs/Launch/LogStoreManifest.plist, NSURL=file:///Users/liuyuxuan/Library/Developer/Xcode/DerivedData/CMAKE_TRY_COMPILE-fcjwsbugidtmxxfzoidodnqlgnkn/Logs/Launch/LogStoreManifest.plist, NSUnderlyingError=0x7fa544d4d550 {Error Domain=NSPOSIXErrorDomain Code=2 "No such file or directory"}}. User info: {
    NSFilePath = "/Users/liuyuxuan/Library/Developer/Xcode/DerivedData/CMAKE_TRY_COMPILE-fcjwsbugidtmxxfzoidodnqlgnkn/Logs/Launch/LogStoreManifest.plist";
    NSURL = "file:///Users/liuyuxuan/Library/Developer/Xcode/DerivedData/CMAKE_TRY_COMPILE-fcjwsbugidtmxxfzoidodnqlgnkn/Logs/Launch/LogStoreManifest.plist";
    NSUnderlyingError = "Error Domain=NSPOSIXErrorDomain Code=2 \"No such file or directory\"";
}.
2026-09-27 10:02:40.837 xcodebuild[78427:4731406] [MT] IDELogStore: Failed to open log store at /Users/liuyuxuan/Library/Developer/Xcode/DerivedData/CMAKE_TRY_COMPILE-fcjwsbugidtmxxfzoidodnqlgnkn/Logs/Package
2026-09-27 10:02:40.838 xcodebuild[78427:4731406] [MT] IDELogStore: Failed to open Package log store: Error Domain=NSCocoaErrorDomain Code=4 "The file “LogStoreManifest.plist” doesn’t exist." UserInfo={NSFilePath=/Users/liuyuxuan/Library/Developer/Xcode/DerivedData/CMAKE_TRY_COMPILE-fcjwsbugidtmxxfzoidodnqlgnkn/Logs/Package/LogStoreManifest.plist, NSURL=file:///Users/liuyuxuan/Library/Developer/Xcode/DerivedData/CMAKE_TRY_COMPILE-fcjwsbugidtmxxfzoidodnqlgnkn/Logs/Package/LogStoreManifest.plist, NSUnderlyingError=0x7fa544a43cc0 {Error Domain=NSPOSIXErrorDomain Code=2 "No such file or directory"}}. User info: {
    NSFilePath = "/Users/liuyuxuan/Library/Developer/Xcode/DerivedData/CMAKE_TRY_COMPILE-fcjwsbugidtmxxfzoidodnqlgnkn/Logs/Package/LogStoreManifest.plist";
    NSURL = "file:///Users/liuyuxuan/Library/Developer/Xcode/DerivedData/CMAKE_TRY_COMPILE-fcjwsbugidtmxxfzoidodnqlgnkn/Logs/Package/LogStoreManifest.plist";
    NSUnderlyingError = "Error Domain=NSPOSIXErrorDomain Code=2 \"No such file or directory\"";
}.
2026-09-27 10:02:40.879 xcodebuild[78427:4731406] [MT] IDELogStore: Failed to open log store at /Users/liuyuxuan/Library/Developer/Xcode/DerivedData/CMAKE_TRY_COMPILE-fcjwsbugidtmxxfzoidodnqlgnkn/Logs/Test
2026-09-27 10:02:40.879 xcodebuild[78427:4731406] [MT] IDELogStore: Failed to open Test log store: Error Domain=NSCocoaErrorDomain Code=4 "The file “LogStoreManifest.plist” doesn’t exist." UserInfo={NSFilePath=/Users/liuyuxuan/Library/Developer/Xcode/DerivedData/CMAKE_TRY_COMPILE-fcjwsbugidtmxxfzoidodnqlgnkn/Logs/Test/LogStoreManifest.plist, NSURL=file:///Users/liuyuxuan/Library/Developer/Xcode/DerivedData/CMAKE_TRY_COMPILE-fcjwsbugidtmxxfzoidodnqlgnkn/Logs/Test/LogStoreManifest.plist, NSUnderlyingError=0x7fa5445becb0 {Error Domain=NSPOSIXErrorDomain Code=2 "No such file or directory"}}. User info: {
    NSFilePath = "/Users/liuyuxuan/Library/Developer/Xcode/DerivedData/CMAKE_TRY_COMPILE-fcjwsbugidtmxxfzoidodnqlgnkn/Logs/Test/LogStoreManifest.plist";
    NSURL = "file:///Users/liuyuxuan/Library/Developer/Xcode/DerivedData/CMAKE_TRY_COMPILE-fcjwsbugidtmxxfzoidodnqlgnkn/Logs/Test/LogStoreManifest.plist";
    NSUnderlyingError = "Error Domain=NSPOSIXErrorDomain Code=2 \"No such file or directory\"";
}.
ComputeTargetDependencyGraph
note: Building targets in dependency order
note: Target dependency graph (1 target)
    Target 'cmTC_039a3' in project 'CMAKE_TRY_COMPILE' (no dependencies)

GatherProvisioningInputs

CreateBuildDescription
Build description signature: d4cc256630f8602cbea47d5bee906cc4
Build description path: /Users/liuyuxuan/Documents/KiwiEngine/build-xcode/CMakeFiles/CMakeScratch/TryCompile-srvWBr/build/XCBuildData/d4cc256630f8602cbea47d5bee906cc4.xcbuilddata

ClangStatCache /Applications/Xcode.app/Contents/Developer/Toolchains/XcodeDefault.xctoolchain/usr/bin/clang-stat-cache /Applications/Xcode.app/Contents/Developer/Platforms/MacOSX.platform/Developer/SDKs/MacOSX14.2.sdk /var/folders/d_/qz91s5mx0r96yp3hzr6jhvlc0000gn/C/com.apple.DeveloperTools/15.1-15C65/Xcode/SDKStatCaches.noindex/macosx14.2-23C53-df0db8920d7ae99241a1bc0f08d2dced.sdkstatcache
    cd /Users/liuyuxuan/Documents/KiwiEngine/build-xcode/CMakeFiles/CMakeScratch/TryCompile-srvWBr/CMAKE_TRY_COMPILE.xcodeproj
    /Applications/Xcode.app/Contents/Developer/Toolchains/XcodeDefault.xctoolchain/usr/bin/clang-stat-cache /Applications/Xcode.app/Contents/Developer/Platforms/MacOSX.platform/Developer/SDKs/MacOSX14.2.sdk -o /var/folders/d_/qz91s5mx0r96yp3hzr6jhvlc0000gn/C/com.apple.DeveloperTools/15.1-15C65/Xcode/SDKStatCaches.noindex/macosx14.2-23C53-df0db8920d7ae99241a1bc0f08d2dced.sdkstatcache

CreateBuildDirectory /Users/liuyuxuan/Documents/KiwiEngine/build-xcode/CMakeFiles/CMakeScratch/TryCompile-srvWBr/build
    cd /Users/liuyuxuan/Documents/KiwiEngine/build-xcode/CMakeFiles/CMakeScratch/TryCompile-srvWBr/CMAKE_TRY_COMPILE.xcodeproj
    builtin-create-build-directory /Users/liuyuxuan/Documents/KiwiEngine/build-xcode/CMakeFiles/CMakeScratch/TryCompile-srvWBr/build

CreateBuildDirectory /Users/liuyuxuan/Documents/KiwiEngine/build-xcode/CMakeFiles/CMakeScratch/TryCompile-srvWBr/Debug
    cd /Users/liuyuxuan/Documents/KiwiEngine/build-xcode/CMakeFiles/CMakeScratch/TryCompile-srvWBr/CMAKE_TRY_COMPILE.xcodeproj
    builtin-create-build-directory /Users/liuyuxuan/Documents/KiwiEngine/build-xcode/CMakeFiles/CMakeScratch/TryCompile-srvWBr/Debug

CreateBuildDirectory /Users/liuyuxuan/Documents/KiwiEngine/build-xcode/CMakeFiles/CMakeScratch/TryCompile-srvWBr/build/EagerLinkingTBDs/Debug
    cd /Users/liuyuxuan/Documents/KiwiEngine/build-xcode/CMakeFiles/CMakeScratch/TryCompile-srvWBr/CMAKE_TRY_COMPILE.xcodeproj
    builtin-create-build-directory /Users/liuyuxuan/Documents/KiwiEngine/build-xcode/CMakeFiles/CMakeScratch/TryCompile-srvWBr/build/EagerLinkingTBDs/Debug

WriteAuxiliaryFile /Users/liuyuxuan/Documents/KiwiEngine/build-xcode/CMakeFiles/CMakeScratch/TryCompile-srvWBr/build/cmTC_039a3.build/Debug/Objects-normal/x86_64/cmTC_039a3.LinkFileList (in target 'cmTC_039a3' from project 'CMAKE_TRY_COMPILE')
    cd /Users/liuyuxuan/Documents/KiwiEngine/build-xcode/CMakeFiles/CMakeScratch/TryCompile-srvWBr
    write-file /Users/liuyuxuan/Documents/KiwiEngine/build-xcode/CMakeFiles/CMakeScratch/TryCompile-srvWBr/build/cmTC_039a3.build/Debug/Objects-normal/x86_64/cmTC_039a3.LinkFileList

CompileC /Users/liuyuxuan/Documents/KiwiEngine/build-xcode/CMakeFiles/CMakeScratch/TryCompile-srvWBr/build/cmTC_039a3.build/Debug/Objects-normal/x86_64/CMakeCCompilerABI.o /usr/local/Cellar/cmake/3.25.1/share/cmake/Modules/CMakeCCompilerABI.c normal x86_64 c com.apple.compilers.llvm.clang.1_0.compiler (in target 'cmTC_039a3' from project 'CMAKE_TRY_COMPILE')
    cd /Users/liuyuxuan/Documents/KiwiEngine/build-xcode/CMakeFiles/CMakeScratch/TryCompile-srvWBr
    /Applications/Xcode.app/Contents/Developer/Toolchains/XcodeDefault.xctoolchain/usr/bin/clang -x c -ivfsstatcache /var/folders/d_/qz91s5mx0r96yp3hzr6jhvlc0000gn/C/com.apple.DeveloperTools/15.1-15C65/Xcode/SDKStatCaches.noindex/macosx14.2-23C53-df0db8920d7ae99241a1bc0f08d2dced.sdkstatcache -target x86_64-apple-macos14.0 -fmessage-length\=0 -fdiagnostics-show-note-include-stack -fmacro-backtrace-limit\=0 -fno-color-diagnostics -Wno-trigraphs -fpascal-strings -O0 -Wno-missing-field-initializers -Wno-missing-prototypes -Wno-return-type -Wno-missing-braces -Wparentheses -Wswitch -Wno-unused-function -Wno-unused-label -Wno-unused-parameter -Wno-unused-variable -Wunused-value -Wno-empty-body -Wno-uninitialized -Wno-unknown-pragmas -Wno-shadow -Wno-four-char-constants -Wno-conversion -Wno-constant-conversion -Wno-int-conversion -Wno-bool-conversion -Wno-enum-conversion -Wno-float-conversion -Wno-non-literal-null-conversion -Wno-objc-literal-conversion -Wshorten-64-to-32 -Wpointer-sign -Wno-newline-eof -Wno-implicit-fallthrough -DCMAKE_INTDIR\=\"Debug\" -isysroot /Applications/Xcode.app/Contents/Developer/Platforms/MacOSX.platform/Developer/SDKs/MacOSX14.2.sdk -fasm-blocks -fstrict-aliasing -Wdeprecated-declarations -g -Wno-sign-conversion -Wno-infinite-recursion -Wno-comma -Wno-block-capture-autoreleasing -Wno-strict-prototypes -Wno-semicolon-before-method-body -I/Users/liuyuxuan/Documents/KiwiEngine/build-xcode/CMakeFiles/CMakeScratch/TryCompile-srvWBr/Debug/include -I/Users/liuyuxuan/Documents/KiwiEngine/build-xcode/CMakeFiles/CMakeScratch/TryCompile-srvWBr/build/cmTC_039a3.build/Debug/DerivedSources-normal/x86_64 -I/Users/liuyuxuan/Documents/KiwiEngine/build-xcode/CMakeFiles/CMakeScratch/TryCompile-srvWBr/build/cmTC_039a3.build/Debug/DerivedSources/x86_64 -I/Users/liuyuxuan/Documents/KiwiEngine/build-xcode/CMakeFiles/CMakeScratch/TryCompile-srvWBr/build/cmTC_039a3.build/Debug/DerivedSources -F/Users/liuyuxuan/Documents/KiwiEngine/build-xcode/CMakeFiles/CMakeScratch/TryCompile-srvWBr/Debug -v -Wl,-v -MMD -MT dependencies -MF /Users/liuyuxuan/Documents/KiwiEngine/build-xcode/CMakeFiles/CMakeScratch/TryCompile-srvWBr/build/cmTC_039a3.build/Debug/Objects-normal/x86_64/CMakeCCompilerABI.d --serialize-diagnostics /Users/liuyuxuan/Documents/KiwiEngine/build-xcode/CMakeFiles/CMakeScratch/TryCompile-srvWBr/build/cmTC_039a3.build/Debug/Objects-normal/x86_64/CMakeCCompilerABI.dia -c /usr/local/Cellar/cmake/3.25.1/share/cmake/Modules/CMakeCCompilerABI.c -o /Users/liuyuxuan/Documents/KiwiEngine/build-xcode/CMakeFiles/CMakeScratch/TryCompile-srvWBr/build/cmTC_039a3.build/Debug/Objects-normal/x86_64/CMakeCCompilerABI.o
Apple clang version 15.0.0 (clang-1500.1.0.2.5)
Target: x86_64-apple-macos14.0
Thread model: posix
InstalledDir: /Applications/Xcode.app/Contents/Developer/Toolchains/XcodeDefault.xctoolchain/usr/bin
clang: warning: -Wl,-v: 'linker' input unused [-Wunused-command-line-argument]
 "/Applications/Xcode.app/Contents/Developer/Toolchains/XcodeDefault.xctoolchain/usr/bin/clang" -cc1 -triple x86_64-apple-macosx14.0.0 -Wundef-prefix=TARGET_OS_ -Wdeprecated-objc-isa-usage -Werror=deprecated-objc-isa-usage -Werror=implicit-function-declaration -emit-obj -mrelax-all --mrelax-relocations -disable-free -clear-ast-before-backend -disable-llvm-verifier -discard-value-names -main-file-name CMakeCCompilerABI.c -mrelocation-model pic -pic-level 2 -mframe-pointer=all -fno-strict-return -ffp-contract=on -fno-rounding-math -funwind-tables=2 -target-sdk-version=14.2 -fvisibility-inlines-hidden-static-local-var -target-cpu penryn -tune-cpu generic -mllvm -treat-scalable-fixed-error-as-warning -debug-info-kind=standalone -dwarf-version=4 -debugger-tuning=lldb -target-linker-version 1022.1 -v -fcoverage-compilation-dir=/Users/liuyuxuan/Documents/KiwiEngine/build-xcode/CMakeFiles/CMakeScratch/TryCompile-srvWBr -resource-dir /Applications/Xcode.app/Contents/Developer/Toolchains/XcodeDefault.xctoolchain/usr/lib/clang/15.0.0 -dependency-file /Users/liuyuxuan/Documents/KiwiEngine/build-xcode/CMakeFiles/CMakeScratch/TryCompile-srvWBr/build/cmTC_039a3.build/Debug/Objects-normal/x86_64/CMakeCCompilerABI.d -skip-unused-modulemap-deps -MT dependencies -ivfsstatcache /var/folders/d_/qz91s5mx0r96yp3hzr6jhvlc0000gn/C/com.apple.DeveloperTools/15.1-15C65/Xcode/SDKStatCaches.noindex/macosx14.2-23C53-df0db8920d7ae99241a1bc0f08d2dced.sdkstatcache -isysroot /Applications/Xcode.app/Contents/Developer/Platforms/MacOSX.platform/Developer/SDKs/MacOSX14.2.sdk -D "CMAKE_INTDIR=\"Debug\"" -I /Users/liuyuxuan/Documents/KiwiEngine/build-xcode/CMakeFiles/CMakeScratch/TryCompile-srvWBr/Debug/include -I /Users/liuyuxuan/Documents/KiwiEngine/build-xcode/CMakeFiles/CMakeScratch/TryCompile-srvWBr/build/cmTC_039a3.build/Debug/DerivedSources-normal/x86_64 -I /Users/liuyuxuan/Documents/KiwiEngine/build-xcode/CMakeFiles/CMakeScratch/TryCompile-srvWBr/build/cmTC_039a3.build/Debug/DerivedSources/x86_64 -I /Users/liuyuxuan/Documents/KiwiEngine/build-xcode/CMakeFiles/CMakeScratch/TryCompile-srvWBr/build/cmTC_039a3.build/Debug/DerivedSources -F/Users/liuyuxuan/Documents/KiwiEngine/build-xcode/CMakeFiles/CMakeScratch/TryCompile-srvWBr/Debug -internal-isystem /Applications/Xcode.app/Contents/Developer/Platforms/MacOSX.platform/Developer/SDKs/MacOSX14.2.sdk/usr/local/include -internal-isystem /Applications/Xcode.app/Contents/Developer/Toolchains/XcodeDefault.xctoolchain/usr/lib/clang/15.0.0/include -internal-externc-isystem /Applications/Xcode.app/Contents/Developer/Platforms/MacOSX.platform/Developer/SDKs/MacOSX14.2.sdk/usr/include -internal-externc-isystem /Applications/Xcode.app/Contents/Developer/Toolchains/XcodeDefault.xctoolchain/usr/include -O0 -Wno-trigraphs -Wno-missing-field-initializers -Wno-missing-prototypes -Wno-return-type -Wno-missing-braces -Wparentheses -Wswitch -Wno-unused-function -Wno-unused-label -Wno-unused-parameter -Wno-unused-variable -Wunused-value -Wno-empty-body -Wno-uninitialized -Wno-unknown-pragmas -Wno-shadow -Wno-four-char-constants -Wno-conversion -Wno-constant-conversion -Wno-int-conversion -Wno-bool-conversion -Wno-enum-conversion -Wno-float-conversion -Wno-non-literal-null-conversion -Wno-objc-literal-conversion -Wshorten-64-to-32 -Wpointer-sign -Wno-newline-eof -Wno-implicit-fallthrough -Wdeprecated-declarations -Wno-sign-conversion -Wno-infinite-recursion -Wno-comma -Wno-block-capture-autoreleasing -Wno-strict-prototypes -Wno-semicolon-before-method-body -Wno-reorder-init-list -Wno-implicit-int-float-conversion -Wno-c99-designator -Wno-final-dtor-non-final-class -Wno-extra-semi-stmt -Wno-misleading-indentation -Wno-quoted-include-in-framework-header -Wno-implicit-fallthrough -Wno-enum-enum-conversion -Wno-enum-float-conversion -Wno-elaborated-enum-base -Wno-reserved-identifier -Wno-gnu-folding-constant -fdebug-compilation-dir=/Users/liuyuxuan/Documents/KiwiEngine/build-xcode/CMakeFiles/CMakeScratch/TryCompile-srvWBr -ferror-limit 19 -fmacro-backtrace-limit 0 -stack-protector 1 -fstack-check -mdarwin-stkchk-strong-link -fblocks -fencode-extended-block-signature -fregister-global-dtors-with-atexit -fgnuc-version=4.2.1 -fpascal-strings -fmax-type-align=16 -fcommon -fdiagnostics-show-note-include-stack -fasm-blocks -serialize-diagnostic-file /Users/liuyuxuan/Documents/KiwiEngine/build-xcode/CMakeFiles/CMakeScratch/TryCompile-srvWBr/build/cmTC_039a3.build/Debug/Objects-normal/x86_64/CMakeCCompilerABI.dia -clang-vendor-feature=+disableNonDependentMemberExprInCurrentInstantiation -fno-odr-hash-protocols -clang-vendor-feature=+enableAggressiveVLAFolding -clang-vendor-feature=+revert09abecef7bbf -clang-vendor-feature=+thisNoAlignAttr -clang-vendor-feature=+thisNoNullAttr -mllvm -disable-aligned-alloc-awareness=1 -D__GCC_HAVE_DWARF2_CFI_ASM=1 -o /Users/liuyuxuan/Documents/KiwiEngine/build-xcode/CMakeFiles/CMakeScratch/TryCompile-srvWBr/build/cmTC_039a3.build/Debug/Objects-normal/x86_64/CMakeCCompilerABI.o -x c /usr/local/Cellar/cmake/3.25.1/share/cmake/Modules/CMakeCCompilerABI.c
clang -cc1 version 15.0.0 (clang-1500.1.0.2.5) default target x86_64-apple-darwin25.5.0
ignoring nonexistent directory "/Users/liuyuxuan/Documents/KiwiEngine/build-xcode/CMakeFiles/CMakeScratch/TryCompile-srvWBr/Debug/include"
ignoring nonexistent directory "/Users/liuyuxuan/Documents/KiwiEngine/build-xcode/CMakeFiles/CMakeScratch/TryCompile-srvWBr/build/cmTC_039a3.build/Debug/DerivedSources-normal/x86_64"
ignoring nonexistent directory "/Users/liuyuxuan/Documents/KiwiEngine/build-xcode/CMakeFiles/CMakeScratch/TryCompile-srvWBr/build/cmTC_039a3.build/Debug/DerivedSources/x86_64"
ignoring nonexistent directory "/Users/liuyuxuan/Documents/KiwiEngine/build-xcode/CMakeFiles/CMakeScratch/TryCompile-srvWBr/build/cmTC_039a3.build/Debug/DerivedSources"
ignoring nonexistent directory "/Applications/Xcode.app/Contents/Developer/Platforms/MacOSX.platform/Developer/SDKs/MacOSX14.2.sdk/usr/local/include"
ignoring nonexistent directory "/Applications/Xcode.app/Contents/Developer/Platforms/MacOSX.platform/Developer/SDKs/MacOSX14.2.sdk/Library/Frameworks"
#include "..." search starts here:
#include <...> search starts here:
 /Users/liuyuxuan/Documents/KiwiEngine/build-xcode/CMakeFiles/CMakeScratch/TryCompile-srvWBr/Debug (framework directory)
 /Applications/Xcode.app/Contents/Developer/Toolchains/XcodeDefault.xctoolchain/usr/lib/clang/15.0.0/include
 /Applications/Xcode.app/Contents/Developer/Platforms/MacOSX.platform/Developer/SDKs/MacOSX14.2.sdk/usr/include
 /Applications/Xcode.app/Contents/Developer/Toolchains/XcodeDefault.xctoolchain/usr/include
 /Applications/Xcode.app/Contents/Developer/Platforms/MacOSX.platform/Developer/SDKs/MacOSX14.2.sdk/System/Library/Frameworks (framework directory)
End of search list.

Ld /Users/liuyuxuan/Documents/KiwiEngine/build-xcode/CMakeFiles/CMakeScratch/TryCompile-srvWBr/Debug/cmTC_039a3 normal (in target 'cmTC_039a3' from project 'CMAKE_TRY_COMPILE')
    cd /Users/liuyuxuan/Documents/KiwiEngine/build-xcode/CMakeFiles/CMakeScratch/TryCompile-srvWBr
    /Applications/Xcode.app/Contents/Developer/Toolchains/XcodeDefault.xctoolchain/usr/bin/clang -Xlinker -reproducible -target x86_64-apple-macos14.0 -isysroot /Applications/Xcode.app/Contents/Developer/Platforms/MacOSX.platform/Developer/SDKs/MacOSX14.2.sdk -O0 -L/Users/liuyuxuan/Documents/KiwiEngine/build-xcode/CMakeFiles/CMakeScratch/TryCompile-srvWBr/build/EagerLinkingTBDs/Debug -L/Users/liuyuxuan/Documents/KiwiEngine/build-xcode/CMakeFiles/CMakeScratch/TryCompile-srvWBr/Debug -F/Users/liuyuxuan/Documents/KiwiEngine/build-xcode/CMakeFiles/CMakeScratch/TryCompile-srvWBr/build/EagerLinkingTBDs/Debug -F/Users/liuyuxuan/Documents/KiwiEngine/build-xcode/CMakeFiles/CMakeScratch/TryCompile-srvWBr/Debug -filelist /Users/liuyuxuan/Documents/KiwiEngine/build-xcode/CMakeFiles/CMakeScratch/TryCompile-srvWBr/build/cmTC_039a3.build/Debug/Objects-normal/x86_64/cmTC_039a3.LinkFileList -Xlinker -object_path_lto -Xlinker /Users/liuyuxuan/Documents/KiwiEngine/build-xcode/CMakeFiles/CMakeScratch/TryCompile-srvWBr/build/cmTC_039a3.build/Debug/Objects-normal/x86_64/cmTC_039a3_lto.o -Xlinker -no_deduplicate -v -Wl,-v -Wl,-search_paths_first -Wl,-headerpad_max_install_names -Xlinker -dependency_info -Xlinker /Users/liuyuxuan/Documents/KiwiEngine/build-xcode/CMakeFiles/CMakeScratch/TryCompile-srvWBr/build/cmTC_039a3.build/Debug/Objects-normal/x86_64/cmTC_039a3_dependency_info.dat -o /Users/liuyuxuan/Documents/KiwiEngine/build-xcode/CMakeFiles/CMakeScratch/TryCompile-srvWBr/Debug/cmTC_039a3
Apple clang version 15.0.0 (clang-1500.1.0.2.5)
Target: x86_64-apple-macos14.0
Thread model: posix
InstalledDir: /Applications/Xcode.app/Contents/Developer/Toolchains/XcodeDefault.xctoolchain/usr/bin
 "/Applications/Xcode.app/Contents/Developer/Toolchains/XcodeDefault.xctoolchain/usr/bin/ld" -demangle -lto_library /Applications/Xcode.app/Contents/Developer/Toolchains/XcodeDefault.xctoolchain/usr/lib/libLTO.dylib -no_deduplicate -dynamic -arch x86_64 -platform_version macos 14.0.0 14.2 -syslibroot /Applications/Xcode.app/Contents/Developer/Platforms/MacOSX.platform/Developer/SDKs/MacOSX14.2.sdk -O0 -o /Users/liuyuxuan/Documents/KiwiEngine/build-xcode/CMakeFiles/CMakeScratch/TryCompile-srvWBr/Debug/cmTC_039a3 -L/Users/liuyuxuan/Documents/KiwiEngine/build-xcode/CMakeFiles/CMakeScratch/TryCompile-srvWBr/build/EagerLinkingTBDs/Debug -L/Users/liuyuxuan/Documents/KiwiEngine/build-xcode/CMakeFiles/CMakeScratch/TryCompile-srvWBr/Debug -reproducible -filelist /Users/liuyuxuan/Documents/KiwiEngine/build-xcode/CMakeFiles/CMakeScratch/TryCompile-srvWBr/build/cmTC_039a3.build/Debug/Objects-normal/x86_64/cmTC_039a3.LinkFileList -object_path_lto /Users/liuyuxuan/Documents/KiwiEngine/build-xcode/CMakeFiles/CMakeScratch/TryCompile-srvWBr/build/cmTC_039a3.build/Debug/Objects-normal/x86_64/cmTC_039a3_lto.o -no_deduplicate -v -search_paths_first -headerpad_max_install_names -dependency_info /Users/liuyuxuan/Documents/KiwiEngine/build-xcode/CMakeFiles/CMakeScratch/TryCompile-srvWBr/build/cmTC_039a3.build/Debug/Objects-normal/x86_64/cmTC_039a3_dependency_info.dat -lSystem /Applications/Xcode.app/Contents/Developer/Toolchains/XcodeDefault.xctoolchain/usr/lib/clang/15.0.0/lib/darwin/libclang_rt.osx.a -F/Users/liuyuxuan/Documents/KiwiEngine/build-xcode/CMakeFiles/CMakeScratch/TryCompile-srvWBr/build/EagerLinkingTBDs/Debug -F/Users/liuyuxuan/Documents/KiwiEngine/build-xcode/CMakeFiles/CMakeScratch/TryCompile-srvWBr/Debug
@(#)PROGRAM:ld  PROJECT:dyld-1022.1
BUILD 13:20:30 Nov 10 2023
configured to support archs: armv6 armv7 armv7s arm64 arm64e arm64_32 i386 x86_64 x86_64h
will use ld-classic for: armv6 armv7 armv7s arm64_32 i386 armv6m armv7k armv7m armv7em
LTO support using: LLVM version 15.0.0 (static support for 29, runtime is 29)
TAPI support using: Apple TAPI version 15.0.0 (tapi-1500.0.12.8)
Library search paths:
	/Users/liuyuxuan/Documents/KiwiEngine/build-xcode/CMakeFiles/CMakeScratch/TryCompile-srvWBr/build/EagerLinkingTBDs/Debug
	/Users/liuyuxuan/Documents/KiwiEngine/build-xcode/CMakeFiles/CMakeScratch/TryCompile-srvWBr/Debug
Framework search paths:
	/Users/liuyuxuan/Documents/KiwiEngine/build-xcode/CMakeFiles/CMakeScratch/TryCompile-srvWBr/build/EagerLinkingTBDs/Debug
	/Users/liuyuxuan/Documents/KiwiEngine/build-xcode/CMakeFiles/CMakeScratch/TryCompile-srvWBr/Debug

RegisterExecutionPolicyException /Users/liuyuxuan/Documents/KiwiEngine/build-xcode/CMakeFiles/CMakeScratch/TryCompile-srvWBr/Debug/cmTC_039a3 (in target 'cmTC_039a3' from project 'CMAKE_TRY_COMPILE')
    cd /Users/liuyuxuan/Documents/KiwiEngine/build-xcode/CMakeFiles/CMakeScratch/TryCompile-srvWBr
    builtin-RegisterExecutionPolicyException /Users/liuyuxuan/Documents/KiwiEngine/build-xcode/CMakeFiles/CMakeScratch/TryCompile-srvWBr/Debug/cmTC_039a3

** BUILD SUCCEEDED **




Parsed C implicit include dir info from above output: rv=done
  found start of include info
  found start of implicit include info
    add: [/Applications/Xcode.app/Contents/Developer/Toolchains/XcodeDefault.xctoolchain/usr/lib/clang/15.0.0/include]
    add: [/Applications/Xcode.app/Contents/Developer/Platforms/MacOSX.platform/Developer/SDKs/MacOSX14.2.sdk/usr/include]
    add: [/Applications/Xcode.app/Contents/Developer/Toolchains/XcodeDefault.xctoolchain/usr/include]
  end of search list found
  collapse include dir [/Applications/Xcode.app/Contents/Developer/Toolchains/XcodeDefault.xctoolchain/usr/lib/clang/15.0.0/include] ==> [/Applications/Xcode.app/Contents/Developer/Toolchains/XcodeDefault.xctoolchain/usr/lib/clang/15.0.0/include]
  collapse include dir [/Applications/Xcode.app/Contents/Developer/Platforms/MacOSX.platform/Developer/SDKs/MacOSX14.2.sdk/usr/include] ==> [/Applications/Xcode.app/Contents/Developer/Platforms/MacOSX.platform/Developer/SDKs/MacOSX14.2.sdk/usr/include]
  collapse include dir [/Applications/Xcode.app/Contents/Developer/Toolchains/XcodeDefault.xctoolchain/usr/include] ==> [/Applications/Xcode.app/Contents/Developer/Toolchains/XcodeDefault.xctoolchain/usr/include]
  implicit include dirs: [/Applications/Xcode.app/Contents/Developer/Toolchains/XcodeDefault.xctoolchain/usr/lib/clang/15.0.0/include;/Applications/Xcode.app/Contents/Developer/Platforms/MacOSX.platform/Developer/SDKs/MacOSX14.2.sdk/usr/include;/Applications/Xcode.app/Contents/Developer/Toolchains/XcodeDefault.xctoolchain/usr/include]


Parsed C implicit link information from above output:
  link line regex: [^( *|.*[/\])(ld|CMAKE_LINK_STARTFILE-NOTFOUND|([^/\]+-)?ld|collect2)[^/\]*( |$)]
  ignore line: [Change Dir: /Users/liuyuxuan/Documents/KiwiEngine/build-xcode/CMakeFiles/CMakeScratch/TryCompile-srvWBr]
  ignore line: []
  ignore line: [Run Build Command(s):/usr/bin/xcodebuild -project CMAKE_TRY_COMPILE.xcodeproj build -target cmTC_039a3 -parallelizeTargets -configuration Debug -hideShellScriptEnvironment && objc[78427]: Class _TtC12DVTDownloads14DownloadsAsset is implemented in both /Applications/Xcode.app/Contents/SharedFrameworks/DVTDownloads.framework/Versions/A/DVTDownloads (0x10ab75a18) and /Library/Developer/PrivateFrameworks/DVTDownloads.framework/Versions/A/DVTDownloads (0x11322b880). This may cause spurious casting failures and mysterious crashes. One of the duplicates must be removed or renamed.]
  ignore line: [objc[78427]: Class _TtC12DVTDownloads16CryptexDiskImage is implemented in both /Applications/Xcode.app/Contents/SharedFrameworks/DVTDownloads.framework/Versions/A/DVTDownloads (0x10ab74db8) and /Library/Developer/PrivateFrameworks/DVTDownloads.framework/Versions/A/DVTDownloads (0x11322bd68). This may cause spurious casting failures and mysterious crashes. One of the duplicates must be removed or renamed.]
  ignore line: [objc[78427]: Class _TtC12DVTDownloads15CommandLineTool is implemented in both /Applications/Xcode.app/Contents/SharedFrameworks/DVTDownloads.framework/Versions/A/DVTDownloads (0x10ab758c0) and /Library/Developer/PrivateFrameworks/DVTDownloads.framework/Versions/A/DVTDownloads (0x11322cd30). This may cause spurious casting failures and mysterious crashes. One of the duplicates must be removed or renamed.]
  ignore line: [objc[78427]: Class _TtC12DVTDownloads14DiskImageTools is implemented in both /Applications/Xcode.app/Contents/SharedFrameworks/DVTDownloads.framework/Versions/A/DVTDownloads (0x10ab756f0) and /Library/Developer/PrivateFrameworks/DVTDownloads.framework/Versions/A/DVTDownloads (0x11322cde0). This may cause spurious casting failures and mysterious crashes. One of the duplicates must be removed or renamed.]
  ignore line: [objc[78427]: Class _TtC12DVTDownloads23SimulatorRuntimeCryptex is implemented in both /Applications/Xcode.app/Contents/SharedFrameworks/DVTDownloads.framework/Versions/A/DVTDownloads (0x10ab75ce0) and /Library/Developer/PrivateFrameworks/DVTDownloads.framework/Versions/A/DVTDownloads (0x11322d560). This may cause spurious casting failures and mysterious crashes. One of the duplicates must be removed or renamed.]
  ignore line: [Command line invocation:]
  ignore line: [    /Applications/Xcode.app/Contents/Developer/usr/bin/xcodebuild -project CMAKE_TRY_COMPILE.xcodeproj build -target cmTC_039a3 -parallelizeTargets -configuration Debug -hideShellScriptEnvironment]
  ignore line: []
  ignore line: [User defaults from command line:]
  ignore line: [    HideShellScriptEnvironment = YES]
  ignore line: [    IDEPackageSupportUseBuiltinSCM = YES]
  ignore line: []
  ignore line: [2026-09-27 10:02:40.530 xcodebuild[78427:4731406] [MT] IDELogStore: Failed to open log store at /Users/liuyuxuan/Library/Developer/Xcode/DerivedData/CMAKE_TRY_COMPILE-fcjwsbugidtmxxfzoidodnqlgnkn/Logs/Build]
  ignore line: [2026-09-27 10:02:40.534 xcodebuild[78427:4731406] [MT] IDELogStore: Failed to open Build log store: Error Domain=NSCocoaErrorDomain Code=4 "The file “LogStoreManifest.plist” doesn’t exist." UserInfo={NSFilePath=/Users/liuyuxuan/Library/Developer/Xcode/DerivedData/CMAKE_TRY_COMPILE-fcjwsbugidtmxxfzoidodnqlgnkn/Logs/Build/LogStoreManifest.plist  NSURL=file:///Users/liuyuxuan/Library/Developer/Xcode/DerivedData/CMAKE_TRY_COMPILE-fcjwsbugidtmxxfzoidodnqlgnkn/Logs/Build/LogStoreManifest.plist  NSUnderlyingError=0x7fa544552420 {Error Domain=NSPOSIXErrorDomain Code=2 "No such file or directory"}}. User info: {]
  ignore line: [    NSFilePath = "/Users/liuyuxuan/Library/Developer/Xcode/DerivedData/CMAKE_TRY_COMPILE-fcjwsbugidtmxxfzoidodnqlgnkn/Logs/Build/LogStoreManifest.plist"]
  ignore line: []
  ignore line: [    NSURL = "file:///Users/liuyuxuan/Library/Developer/Xcode/DerivedData/CMAKE_TRY_COMPILE-fcjwsbugidtmxxfzoidodnqlgnkn/Logs/Build/LogStoreManifest.plist"]
  ignore line: []
  ignore line: [    NSUnderlyingError = "Error Domain=NSPOSIXErrorDomain Code=2 \"No such file or directory\""]
  ignore line: []
  ignore line: [}.]
  ignore line: [2026-09-27 10:02:40.825 xcodebuild[78427:4731406] [MT] IDELogStore: Failed to open log store at /Users/liuyuxuan/Library/Developer/Xcode/DerivedData/CMAKE_TRY_COMPILE-fcjwsbugidtmxxfzoidodnqlgnkn/Logs/Launch]
  ignore line: [2026-09-27 10:02:40.826 xcodebuild[78427:4731406] [MT] IDELogStore: Failed to open Launch log store: Error Domain=NSCocoaErrorDomain Code=4 "The file “LogStoreManifest.plist” doesn’t exist." UserInfo={NSFilePath=/Users/liuyuxuan/Library/Developer/Xcode/DerivedData/CMAKE_TRY_COMPILE-fcjwsbugidtmxxfzoidodnqlgnkn/Logs/Launch/LogStoreManifest.plist  NSURL=file:///Users/liuyuxuan/Library/Developer/Xcode/DerivedData/CMAKE_TRY_COMPILE-fcjwsbugidtmxxfzoidodnqlgnkn/Logs/Launch/LogStoreManifest.plist  NSUnderlyingError=0x7fa544d4d550 {Error Domain=NSPOSIXErrorDomain Code=2 "No such file or directory"}}. User info: {]
  ignore line: [    NSFilePath = "/Users/liuyuxuan/Library/Developer/Xcode/DerivedData/CMAKE_TRY_COMPILE-fcjwsbugidtmxxfzoidodnqlgnkn/Logs/Launch/LogStoreManifest.plist"]
  ignore line: []
  ignore line: [    NSURL = "file:///Users/liuyuxuan/Library/Developer/Xcode/DerivedData/CMAKE_TRY_COMPILE-fcjwsbugidtmxxfzoidodnqlgnkn/Logs/Launch/LogStoreManifest.plist"]
  ignore line: []
  ignore line: [    NSUnderlyingError = "Error Domain=NSPOSIXErrorDomain Code=2 \"No such file or directory\""]
  ignore line: []
  ignore line: [}.]
  ignore line: [2026-09-27 10:02:40.837 xcodebuild[78427:4731406] [MT] IDELogStore: Failed to open log store at /Users/liuyuxuan/Library/Developer/Xcode/DerivedData/CMAKE_TRY_COMPILE-fcjwsbugidtmxxfzoidodnqlgnkn/Logs/Package]
  ignore line: [2026-09-27 10:02:40.838 xcodebuild[78427:4731406] [MT] IDELogStore: Failed to open Package log store: Error Domain=NSCocoaErrorDomain Code=4 "The file “LogStoreManifest.plist” doesn’t exist." UserInfo={NSFilePath=/Users/liuyuxuan/Library/Developer/Xcode/DerivedData/CMAKE_TRY_COMPILE-fcjwsbugidtmxxfzoidodnqlgnkn/Logs/Package/LogStoreManifest.plist  NSURL=file:///Users/liuyuxuan/Library/Developer/Xcode/DerivedData/CMAKE_TRY_COMPILE-fcjwsbugidtmxxfzoidodnqlgnkn/Logs/Package/LogStoreManifest.plist  NSUnderlyingError=0x7fa544a43cc0 {Error Domain=NSPOSIXErrorDomain Code=2 "No such file or directory"}}. User info: {]
  ignore line: [    NSFilePath = "/Users/liuyuxuan/Library/Developer/Xcode/DerivedData/CMAKE_TRY_COMPILE-fcjwsbugidtmxxfzoidodnqlgnkn/Logs/Package/LogStoreManifest.plist"]
  ignore line: []
  ignore line: [    NSURL = "file:///Users/liuyuxuan/Library/Developer/Xcode/DerivedData/CMAKE_TRY_COMPILE-fcjwsbugidtmxxfzoidodnqlgnkn/Logs/Package/LogStoreManifest.plist"]
  ignore line: []
  ignore line: [    NSUnderlyingError = "Error Domain=NSPOSIXErrorDomain Code=2 \"No such file or directory\""]
  ignore line: []
  ignore line: [}.]
  ignore line: [2026-09-27 10:02:40.879 xcodebuild[78427:4731406] [MT] IDELogStore: Failed to open log store at /Users/liuyuxuan/Library/Developer/Xcode/DerivedData/CMAKE_TRY_COMPILE-fcjwsbugidtmxxfzoidodnqlgnkn/Logs/Test]
  ignore line: [2026-09-27 10:02:40.879 xcodebuild[78427:4731406] [MT] IDELogStore: Failed to open Test log store: Error Domain=NSCocoaErrorDomain Code=4 "The file “LogStoreManifest.plist” doesn’t exist." UserInfo={NSFilePath=/Users/liuyuxuan/Library/Developer/Xcode/DerivedData/CMAKE_TRY_COMPILE-fcjwsbugidtmxxfzoidodnqlgnkn/Logs/Test/LogStoreManifest.plist  NSURL=file:///Users/liuyuxuan/Library/Developer/Xcode/DerivedData/CMAKE_TRY_COMPILE-fcjwsbugidtmxxfzoidodnqlgnkn/Logs/Test/LogStoreManifest.plist  NSUnderlyingError=0x7fa5445becb0 {Error Domain=NSPOSIXErrorDomain Code=2 "No such file or directory"}}. User info: {]
  ignore line: [    NSFilePath = "/Users/liuyuxuan/Library/Developer/Xcode/DerivedData/CMAKE_TRY_COMPILE-fcjwsbugidtmxxfzoidodnqlgnkn/Logs/Test/LogStoreManifest.plist"]
  ignore line: []
  ignore line: [    NSURL = "file:///Users/liuyuxuan/Library/Developer/Xcode/DerivedData/CMAKE_TRY_COMPILE-fcjwsbugidtmxxfzoidodnqlgnkn/Logs/Test/LogStoreManifest.plist"]
  ignore line: []
  ignore line: [    NSUnderlyingError = "Error Domain=NSPOSIXErrorDomain Code=2 \"No such file or directory\""]
  ignore line: []
  ignore line: [}.]
  ignore line: [ComputeTargetDependencyGraph]
  ignore line: [note: Building targets in dependency order]
  ignore line: [note: Target dependency graph (1 target)]
  ignore line: [    Target 'cmTC_039a3' in project 'CMAKE_TRY_COMPILE' (no dependencies)]
  ignore line: []
  ignore line: [GatherProvisioningInputs]
  ignore line: []
  ignore line: [CreateBuildDescription]
  ignore line: [Build description signature: d4cc256630f8602cbea47d5bee906cc4]
  ignore line: [Build description path: /Users/liuyuxuan/Documents/KiwiEngine/build-xcode/CMakeFiles/CMakeScratch/TryCompile-srvWBr/build/XCBuildData/d4cc256630f8602cbea47d5bee906cc4.xcbuilddata]
  ignore line: []
  ignore line: [ClangStatCache /Applications/Xcode.app/Contents/Developer/Toolchains/XcodeDefault.xctoolchain/usr/bin/clang-stat-cache /Applications/Xcode.app/Contents/Developer/Platforms/MacOSX.platform/Developer/SDKs/MacOSX14.2.sdk /var/folders/d_/qz91s5mx0r96yp3hzr6jhvlc0000gn/C/com.apple.DeveloperTools/15.1-15C65/Xcode/SDKStatCaches.noindex/macosx14.2-23C53-df0db8920d7ae99241a1bc0f08d2dced.sdkstatcache]
  ignore line: [    cd /Users/liuyuxuan/Documents/KiwiEngine/build-xcode/CMakeFiles/CMakeScratch/TryCompile-srvWBr/CMAKE_TRY_COMPILE.xcodeproj]
  ignore line: [    /Applications/Xcode.app/Contents/Developer/Toolchains/XcodeDefault.xctoolchain/usr/bin/clang-stat-cache /Applications/Xcode.app/Contents/Developer/Platforms/MacOSX.platform/Developer/SDKs/MacOSX14.2.sdk -o /var/folders/d_/qz91s5mx0r96yp3hzr6jhvlc0000gn/C/com.apple.DeveloperTools/15.1-15C65/Xcode/SDKStatCaches.noindex/macosx14.2-23C53-df0db8920d7ae99241a1bc0f08d2dced.sdkstatcache]
  ignore line: []
  ignore line: [CreateBuildDirectory /Users/liuyuxuan/Documents/KiwiEngine/build-xcode/CMakeFiles/CMakeScratch/TryCompile-srvWBr/build]
  ignore line: [    cd /Users/liuyuxuan/Documents/KiwiEngine/build-xcode/CMakeFiles/CMakeScratch/TryCompile-srvWBr/CMAKE_TRY_COMPILE.xcodeproj]
  ignore line: [    builtin-create-build-directory /Users/liuyuxuan/Documents/KiwiEngine/build-xcode/CMakeFiles/CMakeScratch/TryCompile-srvWBr/build]
  ignore line: []
  ignore line: [CreateBuildDirectory /Users/liuyuxuan/Documents/KiwiEngine/build-xcode/CMakeFiles/CMakeScratch/TryCompile-srvWBr/Debug]
  ignore line: [    cd /Users/liuyuxuan/Documents/KiwiEngine/build-xcode/CMakeFiles/CMakeScratch/TryCompile-srvWBr/CMAKE_TRY_COMPILE.xcodeproj]
  ignore line: [    builtin-create-build-directory /Users/liuyuxuan/Documents/KiwiEngine/build-xcode/CMakeFiles/CMakeScratch/TryCompile-srvWBr/Debug]
  ignore line: []
  ignore line: [CreateBuildDirectory /Users/liuyuxuan/Documents/KiwiEngine/build-xcode/CMakeFiles/CMakeScratch/TryCompile-srvWBr/build/EagerLinkingTBDs/Debug]
  ignore line: [    cd /Users/liuyuxuan/Documents/KiwiEngine/build-xcode/CMakeFiles/CMakeScratch/TryCompile-srvWBr/CMAKE_TRY_COMPILE.xcodeproj]
  ignore line: [    builtin-create-build-directory /Users/liuyuxuan/Documents/KiwiEngine/build-xcode/CMakeFiles/CMakeScratch/TryCompile-srvWBr/build/EagerLinkingTBDs/Debug]
  ignore line: []
  ignore line: [WriteAuxiliaryFile /Users/liuyuxuan/Documents/KiwiEngine/build-xcode/CMakeFiles/CMakeScratch/TryCompile-srvWBr/build/cmTC_039a3.build/Debug/Objects-normal/x86_64/cmTC_039a3.LinkFileList (in target 'cmTC_039a3' from project 'CMAKE_TRY_COMPILE')]
  ignore line: [    cd /Users/liuyuxuan/Documents/KiwiEngine/build-xcode/CMakeFiles/CMakeScratch/TryCompile-srvWBr]
  ignore line: [    write-file /Users/liuyuxuan/Documents/KiwiEngine/build-xcode/CMakeFiles/CMakeScratch/TryCompile-srvWBr/build/cmTC_039a3.build/Debug/Objects-normal/x86_64/cmTC_039a3.LinkFileList]
  ignore line: []
  ignore line: [CompileC /Users/liuyuxuan/Documents/KiwiEngine/build-xcode/CMakeFiles/CMakeScratch/TryCompile-srvWBr/build/cmTC_039a3.build/Debug/Objects-normal/x86_64/CMakeCCompilerABI.o /usr/local/Cellar/cmake/3.25.1/share/cmake/Modules/CMakeCCompilerABI.c normal x86_64 c com.apple.compilers.llvm.clang.1_0.compiler (in target 'cmTC_039a3' from project 'CMAKE_TRY_COMPILE')]
  ignore line: [    cd /Users/liuyuxuan/Documents/KiwiEngine/build-xcode/CMakeFiles/CMakeScratch/TryCompile-srvWBr]
  ignore line: [    /Applications/Xcode.app/Contents/Developer/Toolchains/XcodeDefault.xctoolchain/usr/bin/clang -x c -ivfsstatcache /var/folders/d_/qz91s5mx0r96yp3hzr6jhvlc0000gn/C/com.apple.DeveloperTools/15.1-15C65/Xcode/SDKStatCaches.noindex/macosx14.2-23C53-df0db8920d7ae99241a1bc0f08d2dced.sdkstatcache -target x86_64-apple-macos14.0 -fmessage-length\=0 -fdiagnostics-show-note-include-stack -fmacro-backtrace-limit\=0 -fno-color-diagnostics -Wno-trigraphs -fpascal-strings -O0 -Wno-missing-field-initializers -Wno-missing-prototypes -Wno-return-type -Wno-missing-braces -Wparentheses -Wswitch -Wno-unused-function -Wno-unused-label -Wno-unused-parameter -Wno-unused-variable -Wunused-value -Wno-empty-body -Wno-uninitialized -Wno-unknown-pragmas -Wno-shadow -Wno-four-char-constants -Wno-conversion -Wno-constant-conversion -Wno-int-conversion -Wno-bool-conversion -Wno-enum-conversion -Wno-float-conversion -Wno-non-literal-null-conversion -Wno-objc-literal-conversion -Wshorten-64-to-32 -Wpointer-sign -Wno-newline-eof -Wno-implicit-fallthrough -DCMAKE_INTDIR\=\"Debug\" -isysroot /Applications/Xcode.app/Contents/Developer/Platforms/MacOSX.platform/Developer/SDKs/MacOSX14.2.sdk -fasm-blocks -fstrict-aliasing -Wdeprecated-declarations -g -Wno-sign-conversion -Wno-infinite-recursion -Wno-comma -Wno-block-capture-autoreleasing -Wno-strict-prototypes -Wno-semicolon-before-method-body -I/Users/liuyuxuan/Documents/KiwiEngine/build-xcode/CMakeFiles/CMakeScratch/TryCompile-srvWBr/Debug/include -I/Users/liuyuxuan/Documents/KiwiEngine/build-xcode/CMakeFiles/CMakeScratch/TryCompile-srvWBr/build/cmTC_039a3.build/Debug/DerivedSources-normal/x86_64 -I/Users/liuyuxuan/Documents/KiwiEngine/build-xcode/CMakeFiles/CMakeScratch/TryCompile-srvWBr/build/cmTC_039a3.build/Debug/DerivedSources/x86_64 -I/Users/liuyuxuan/Documents/KiwiEngine/build-xcode/CMakeFiles/CMakeScratch/TryCompile-srvWBr/build/cmTC_039a3.build/Debug/DerivedSources -F/Users/liuyuxuan/Documents/KiwiEngine/build-xcode/CMakeFiles/CMakeScratch/TryCompile-srvWBr/Debug -v -Wl -v -MMD -MT dependencies -MF /Users/liuyuxuan/Documents/KiwiEngine/build-xcode/CMakeFiles/CMakeScratch/TryCompile-srvWBr/build/cmTC_039a3.build/Debug/Objects-normal/x86_64/CMakeCCompilerABI.d --serialize-diagnostics /Users/liuyuxuan/Documents/KiwiEngine/build-xcode/CMakeFiles/CMakeScratch/TryCompile-srvWBr/build/cmTC_039a3.build/Debug/Objects-normal/x86_64/CMakeCCompilerABI.dia -c /usr/local/Cellar/cmake/3.25.1/share/cmake/Modules/CMakeCCompilerABI.c -o /Users/liuyuxuan/Documents/KiwiEngine/build-xcode/CMakeFiles/CMakeScratch/TryCompile-srvWBr/build/cmTC_039a3.build/Debug/Objects-normal/x86_64/CMakeCCompilerABI.o]
  ignore line: [Apple clang version 15.0.0 (clang-1500.1.0.2.5)]
  ignore line: [Target: x86_64-apple-macos14.0]
  ignore line: [Thread model: posix]
  ignore line: [InstalledDir: /Applications/Xcode.app/Contents/Developer/Toolchains/XcodeDefault.xctoolchain/usr/bin]
  ignore line: [clang: warning: -Wl -v: 'linker' input unused [-Wunused-command-line-argument]]
  ignore line: [ "/Applications/Xcode.app/Contents/Developer/Toolchains/XcodeDefault.xctoolchain/usr/bin/clang" -cc1 -triple x86_64-apple-macosx14.0.0 -Wundef-prefix=TARGET_OS_ -Wdeprecated-objc-isa-usage -Werror=deprecated-objc-isa-usage -Werror=implicit-function-declaration -emit-obj -mrelax-all --mrelax-relocations -disable-free -clear-ast-before-backend -disable-llvm-verifier -discard-value-names -main-file-name CMakeCCompilerABI.c -mrelocation-model pic -pic-level 2 -mframe-pointer=all -fno-strict-return -ffp-contract=on -fno-rounding-math -funwind-tables=2 -target-sdk-version=14.2 -fvisibility-inlines-hidden-static-local-var -target-cpu penryn -tune-cpu generic -mllvm -treat-scalable-fixed-error-as-warning -debug-info-kind=standalone -dwarf-version=4 -debugger-tuning=lldb -target-linker-version 1022.1 -v -fcoverage-compilation-dir=/Users/liuyuxuan/Documents/KiwiEngine/build-xcode/CMakeFiles/CMakeScratch/TryCompile-srvWBr -resource-dir /Applications/Xcode.app/Contents/Developer/Toolchains/XcodeDefault.xctoolchain/usr/lib/clang/15.0.0 -dependency-file /Users/liuyuxuan/Documents/KiwiEngine/build-xcode/CMakeFiles/CMakeScratch/TryCompile-srvWBr/build/cmTC_039a3.build/Debug/Objects-normal/x86_64/CMakeCCompilerABI.d -skip-unused-modulemap-deps -MT dependencies -ivfsstatcache /var/folders/d_/qz91s5mx0r96yp3hzr6jhvlc0000gn/C/com.apple.DeveloperTools/15.1-15C65/Xcode/SDKStatCaches.noindex/macosx14.2-23C53-df0db8920d7ae99241a1bc0f08d2dced.sdkstatcache -isysroot /Applications/Xcode.app/Contents/Developer/Platforms/MacOSX.platform/Developer/SDKs/MacOSX14.2.sdk -D "CMAKE_INTDIR=\"Debug\"" -I /Users/liuyuxuan/Documents/KiwiEngine/build-xcode/CMakeFiles/CMakeScratch/TryCompile-srvWBr/Debug/include -I /Users/liuyuxuan/Documents/KiwiEngine/build-xcode/CMakeFiles/CMakeScratch/TryCompile-srvWBr/build/cmTC_039a3.build/Debug/DerivedSources-normal/x86_64 -I /Users/liuyuxuan/Documents/KiwiEngine/build-xcode/CMakeFiles/CMakeScratch/TryCompile-srvWBr/build/cmTC_039a3.build/Debug/DerivedSources/x86_64 -I /Users/liuyuxuan/Documents/KiwiEngine/build-xcode/CMakeFiles/CMakeScratch/TryCompile-srvWBr/build/cmTC_039a3.build/Debug/DerivedSources -F/Users/liuyuxuan/Documents/KiwiEngine/build-xcode/CMakeFiles/CMakeScratch/TryCompile-srvWBr/Debug -internal-isystem /Applications/Xcode.app/Contents/Developer/Platforms/MacOSX.platform/Developer/SDKs/MacOSX14.2.sdk/usr/local/include -internal-isystem /Applications/Xcode.app/Contents/Developer/Toolchains/XcodeDefault.xctoolchain/usr/lib/clang/15.0.0/include -internal-externc-isystem /Applications/Xcode.app/Contents/Developer/Platforms/MacOSX.platform/Developer/SDKs/MacOSX14.2.sdk/usr/include -internal-externc-isystem /Applications/Xcode.app/Contents/Developer/Toolchains/XcodeDefault.xctoolchain/usr/include -O0 -Wno-trigraphs -Wno-missing-field-initializers -Wno-missing-prototypes -Wno-return-type -Wno-missing-braces -Wparentheses -Wswitch -Wno-unused-function -Wno-unused-label -Wno-unused-parameter -Wno-unused-variable -Wunused-value -Wno-empty-body -Wno-uninitialized -Wno-unknown-pragmas -Wno-shadow -Wno-four-char-constants -Wno-conversion -Wno-constant-conversion -Wno-int-conversion -Wno-bool-conversion -Wno-enum-conversion -Wno-float-conversion -Wno-non-literal-null-conversion -Wno-objc-literal-conversion -Wshorten-64-to-32 -Wpointer-sign -Wno-newline-eof -Wno-implicit-fallthrough -Wdeprecated-declarations -Wno-sign-conversion -Wno-infinite-recursion -Wno-comma -Wno-block-capture-autoreleasing -Wno-strict-prototypes -Wno-semicolon-before-method-body -Wno-reorder-init-list -Wno-implicit-int-float-conversion -Wno-c99-designator -Wno-final-dtor-non-final-class -Wno-extra-semi-stmt -Wno-misleading-indentation -Wno-quoted-include-in-framework-header -Wno-implicit-fallthrough -Wno-enum-enum-conversion -Wno-enum-float-conversion -Wno-elaborated-enum-base -Wno-reserved-identifier -Wno-gnu-folding-constant -fdebug-compilation-dir=/Users/liuyuxuan/Documents/KiwiEngine/build-xcode/CMakeFiles/CMakeScratch/TryCompile-srvWBr -ferror-limit 19 -fmacro-backtrace-limit 0 -stack-protector 1 -fstack-check -mdarwin-stkchk-strong-link -fblocks -fencode-extended-block-signature -fregister-global-dtors-with-atexit -fgnuc-version=4.2.1 -fpascal-strings -fmax-type-align=16 -fcommon -fdiagnostics-show-note-include-stack -fasm-blocks -serialize-diagnostic-file /Users/liuyuxuan/Documents/KiwiEngine/build-xcode/CMakeFiles/CMakeScratch/TryCompile-srvWBr/build/cmTC_039a3.build/Debug/Objects-normal/x86_64/CMakeCCompilerABI.dia -clang-vendor-feature=+disableNonDependentMemberExprInCurrentInstantiation -fno-odr-hash-protocols -clang-vendor-feature=+enableAggressiveVLAFolding -clang-vendor-feature=+revert09abecef7bbf -clang-vendor-feature=+thisNoAlignAttr -clang-vendor-feature=+thisNoNullAttr -mllvm -disable-aligned-alloc-awareness=1 -D__GCC_HAVE_DWARF2_CFI_ASM=1 -o /Users/liuyuxuan/Documents/KiwiEngine/build-xcode/CMakeFiles/CMakeScratch/TryCompile-srvWBr/build/cmTC_039a3.build/Debug/Objects-normal/x86_64/CMakeCCompilerABI.o -x c /usr/local/Cellar/cmake/3.25.1/share/cmake/Modules/CMakeCCompilerABI.c]
  ignore line: [clang -cc1 version 15.0.0 (clang-1500.1.0.2.5) default target x86_64-apple-darwin25.5.0]
  ignore line: [ignoring nonexistent directory "/Users/liuyuxuan/Documents/KiwiEngine/build-xcode/CMakeFiles/CMakeScratch/TryCompile-srvWBr/Debug/include"]
  ignore line: [ignoring nonexistent directory "/Users/liuyuxuan/Documents/KiwiEngine/build-xcode/CMakeFiles/CMakeScratch/TryCompile-srvWBr/build/cmTC_039a3.build/Debug/DerivedSources-normal/x86_64"]
  ignore line: [ignoring nonexistent directory "/Users/liuyuxuan/Documents/KiwiEngine/build-xcode/CMakeFiles/CMakeScratch/TryCompile-srvWBr/build/cmTC_039a3.build/Debug/DerivedSources/x86_64"]
  ignore line: [ignoring nonexistent directory "/Users/liuyuxuan/Documents/KiwiEngine/build-xcode/CMakeFiles/CMakeScratch/TryCompile-srvWBr/build/cmTC_039a3.build/Debug/DerivedSources"]
  ignore line: [ignoring nonexistent directory "/Applications/Xcode.app/Contents/Developer/Platforms/MacOSX.platform/Developer/SDKs/MacOSX14.2.sdk/usr/local/include"]
  ignore line: [ignoring nonexistent directory "/Applications/Xcode.app/Contents/Developer/Platforms/MacOSX.platform/Developer/SDKs/MacOSX14.2.sdk/Library/Frameworks"]
  ignore line: [#include "..." search starts here:]
  ignore line: [#include <...> search starts here:]
  ignore line: [ /Users/liuyuxuan/Documents/KiwiEngine/build-xcode/CMakeFiles/CMakeScratch/TryCompile-srvWBr/Debug (framework directory)]
  ignore line: [ /Applications/Xcode.app/Contents/Developer/Toolchains/XcodeDefault.xctoolchain/usr/lib/clang/15.0.0/include]
  ignore line: [ /Applications/Xcode.app/Contents/Developer/Platforms/MacOSX.platform/Developer/SDKs/MacOSX14.2.sdk/usr/include]
  ignore line: [ /Applications/Xcode.app/Contents/Developer/Toolchains/XcodeDefault.xctoolchain/usr/include]
  ignore line: [ /Applications/Xcode.app/Contents/Developer/Platforms/MacOSX.platform/Developer/SDKs/MacOSX14.2.sdk/System/Library/Frameworks (framework directory)]
  ignore line: [End of search list.]
  ignore line: []
  ignore line: [Ld /Users/liuyuxuan/Documents/KiwiEngine/build-xcode/CMakeFiles/CMakeScratch/TryCompile-srvWBr/Debug/cmTC_039a3 normal (in target 'cmTC_039a3' from project 'CMAKE_TRY_COMPILE')]
  ignore line: [    cd /Users/liuyuxuan/Documents/KiwiEngine/build-xcode/CMakeFiles/CMakeScratch/TryCompile-srvWBr]
  ignore line: [    /Applications/Xcode.app/Contents/Developer/Toolchains/XcodeDefault.xctoolchain/usr/bin/clang -Xlinker -reproducible -target x86_64-apple-macos14.0 -isysroot /Applications/Xcode.app/Contents/Developer/Platforms/MacOSX.platform/Developer/SDKs/MacOSX14.2.sdk -O0 -L/Users/liuyuxuan/Documents/KiwiEngine/build-xcode/CMakeFiles/CMakeScratch/TryCompile-srvWBr/build/EagerLinkingTBDs/Debug -L/Users/liuyuxuan/Documents/KiwiEngine/build-xcode/CMakeFiles/CMakeScratch/TryCompile-srvWBr/Debug -F/Users/liuyuxuan/Documents/KiwiEngine/build-xcode/CMakeFiles/CMakeScratch/TryCompile-srvWBr/build/EagerLinkingTBDs/Debug -F/Users/liuyuxuan/Documents/KiwiEngine/build-xcode/CMakeFiles/CMakeScratch/TryCompile-srvWBr/Debug -filelist /Users/liuyuxuan/Documents/KiwiEngine/build-xcode/CMakeFiles/CMakeScratch/TryCompile-srvWBr/build/cmTC_039a3.build/Debug/Objects-normal/x86_64/cmTC_039a3.LinkFileList -Xlinker -object_path_lto -Xlinker /Users/liuyuxuan/Documents/KiwiEngine/build-xcode/CMakeFiles/CMakeScratch/TryCompile-srvWBr/build/cmTC_039a3.build/Debug/Objects-normal/x86_64/cmTC_039a3_lto.o -Xlinker -no_deduplicate -v -Wl -v -Wl -search_paths_first -Wl -headerpad_max_install_names -Xlinker -dependency_info -Xlinker /Users/liuyuxuan/Documents/KiwiEngine/build-xcode/CMakeFiles/CMakeScratch/TryCompile-srvWBr/build/cmTC_039a3.build/Debug/Objects-normal/x86_64/cmTC_039a3_dependency_info.dat -o /Users/liuyuxuan/Documents/KiwiEngine/build-xcode/CMakeFiles/CMakeScratch/TryCompile-srvWBr/Debug/cmTC_039a3]
  ignore line: [Apple clang version 15.0.0 (clang-1500.1.0.2.5)]
  ignore line: [Target: x86_64-apple-macos14.0]
  ignore line: [Thread model: posix]
  ignore line: [InstalledDir: /Applications/Xcode.app/Contents/Developer/Toolchains/XcodeDefault.xctoolchain/usr/bin]
  reduced line: [ "/Applications/Xcode.app/Contents/Developer/Toolchains/XcodeDefault.xctoolchain/usr/bin/ld" -demangle -lto_library /Applications/Xcode.app/Contents/Developer/Toolchains/XcodeDefault.xctoolchain/usr/lib/libLTO.dylib -no_deduplicate -dynamic -arch x86_64 -platform_version macos 14.0.0 14.2 -syslibroot /Applications/Xcode.app/Contents/Developer/Platforms/MacOSX.platform/Developer/SDKs/MacOSX14.2.sdk -O0 -o /Users/liuyuxuan/Documents/KiwiEngine/build-xcode/CMakeFiles/CMakeScratch/TryCompile-srvWBr/Debug/cmTC_039a3 -L/Users/liuyuxuan/Documents/KiwiEngine/build-xcode/CMakeFiles/CMakeScratch/TryCompile-srvWBr/build/EagerLinkingTBDs/Debug -L/Users/liuyuxuan/Documents/KiwiEngine/build-xcode/CMakeFiles/CMakeScratch/TryCompile-srvWBr/Debug -reproducible -filelist /Users/liuyuxuan/Documents/KiwiEngine/build-xcode/CMakeFiles/CMakeScratch/TryCompile-srvWBr/build/cmTC_039a3.build/Debug/Objects-normal/x86_64/cmTC_039a3.LinkFileList -object_path_lto /Users/liuyuxuan/Documents/KiwiEngine/build-xcode/CMakeFiles/CMakeScratch/TryCompile-srvWBr/build/cmTC_039a3.build/Debug/Objects-normal/x86_64/cmTC_039a3_lto.o -no_deduplicate -v -search_paths_first -headerpad_max_install_names -dependency_info /Users/liuyuxuan/Documents/KiwiEngine/build-xcode/CMakeFiles/CMakeScratch/TryCompile-srvWBr/build/cmTC_039a3.build/Debug/Objects-normal/x86_64/cmTC_039a3_dependency_info.dat -lSystem /Applications/Xcode.app/Contents/Developer/Toolchains/XcodeDefault.xctoolchain/usr/lib/clang/15.0.0/lib/darwin/libclang_rt.osx.a -F/Users/liuyuxuan/Documents/KiwiEngine/build-xcode/CMakeFiles/CMakeScratch/TryCompile-srvWBr/build/EagerLinkingTBDs/Debug -F/Users/liuyuxuan/Documents/KiwiEngine/build-xcode/CMakeFiles/CMakeScratch/TryCompile-srvWBr/Debug]
            to: [ "/Applications/Xcode.app/Contents/Developer/Toolchains/XcodeDefault.xctoolchain/usr/bin/ld" -demangle -lto_library /Applications/Xcode.app/Contents/Developer/Toolchains/XcodeDefault.xctoolchain/usr/lib/libLTO.dylib -no_deduplicate -dynamic -arch x86_64 -platform_version macos 14.0.0 14.2 -syslibroot /Applications/Xcode.app/Contents/Developer/Platforms/MacOSX.platform/Developer/SDKs/MacOSX14.2.sdk -O0 -o /Users/liuyuxuan/Documents/KiwiEngine/build-xcode/CMakeFiles/CMakeScratch/TryCompile-srvWBr/Debug/cmTC_039a3 -L/Users/liuyuxuan/Documents/KiwiEngine/build-xcode/CMakeFiles/CMakeScratch/TryCompile-srvWBr/Debug -reproducible -filelist /Users/liuyuxuan/Documents/KiwiEngine/build-xcode/CMakeFiles/CMakeScratch/TryCompile-srvWBr/build/cmTC_039a3.build/Debug/Objects-normal/x86_64/cmTC_039a3.LinkFileList -object_path_lto /Users/liuyuxuan/Documents/KiwiEngine/build-xcode/CMakeFiles/CMakeScratch/TryCompile-srvWBr/build/cmTC_039a3.build/Debug/Objects-normal/x86_64/cmTC_039a3_lto.o -no_deduplicate -v -search_paths_first -headerpad_max_install_names -dependency_info /Users/liuyuxuan/Documents/KiwiEngine/build-xcode/CMakeFiles/CMakeScratch/TryCompile-srvWBr/build/cmTC_039a3.build/Debug/Objects-normal/x86_64/cmTC_039a3_dependency_info.dat -lSystem /Applications/Xcode.app/Contents/Developer/Toolchains/XcodeDefault.xctoolchain/usr/lib/clang/15.0.0/lib/darwin/libclang_rt.osx.a -F/Users/liuyuxuan/Documents/KiwiEngine/build-xcode/CMakeFiles/CMakeScratch/TryCompile-srvWBr/Debug]
  link line: [ "/Applications/Xcode.app/Contents/Developer/Toolchains/XcodeDefault.xctoolchain/usr/bin/ld" -demangle -lto_library /Applications/Xcode.app/Contents/Developer/Toolchains/XcodeDefault.xctoolchain/usr/lib/libLTO.dylib -no_deduplicate -dynamic -arch x86_64 -platform_version macos 14.0.0 14.2 -syslibroot /Applications/Xcode.app/Contents/Developer/Platforms/MacOSX.platform/Developer/SDKs/MacOSX14.2.sdk -O0 -o /Users/liuyuxuan/Documents/KiwiEngine/build-xcode/CMakeFiles/CMakeScratch/TryCompile-srvWBr/Debug/cmTC_039a3 -L/Users/liuyuxuan/Documents/KiwiEngine/build-xcode/CMakeFiles/CMakeScratch/TryCompile-srvWBr/Debug -reproducible -filelist /Users/liuyuxuan/Documents/KiwiEngine/build-xcode/CMakeFiles/CMakeScratch/TryCompile-srvWBr/build/cmTC_039a3.build/Debug/Objects-normal/x86_64/cmTC_039a3.LinkFileList -object_path_lto /Users/liuyuxuan/Documents/KiwiEngine/build-xcode/CMakeFiles/CMakeScratch/TryCompile-srvWBr/build/cmTC_039a3.build/Debug/Objects-normal/x86_64/cmTC_039a3_lto.o -no_deduplicate -v -search_paths_first -headerpad_max_install_names -dependency_info /Users/liuyuxuan/Documents/KiwiEngine/build-xcode/CMakeFiles/CMakeScratch/TryCompile-srvWBr/build/cmTC_039a3.build/Debug/Objects-normal/x86_64/cmTC_039a3_dependency_info.dat -lSystem /Applications/Xcode.app/Contents/Developer/Toolchains/XcodeDefault.xctoolchain/usr/lib/clang/15.0.0/lib/darwin/libclang_rt.osx.a -F/Users/liuyuxuan/Documents/KiwiEngine/build-xcode/CMakeFiles/CMakeScratch/TryCompile-srvWBr/Debug]
    arg [/Applications/Xcode.app/Contents/Developer/Toolchains/XcodeDefault.xctoolchain/usr/bin/ld] ==> ignore
    arg [-demangle] ==> ignore
    arg [-lto_library] ==> ignore, skip following value
    arg [/Applications/Xcode.app/Contents/Developer/Toolchains/XcodeDefault.xctoolchain/usr/lib/libLTO.dylib] ==> skip value of -lto_library
    arg [-no_deduplicate] ==> ignore
    arg [-dynamic] ==> ignore
    arg [-arch] ==> ignore
    arg [x86_64] ==> ignore
    arg [-platform_version] ==> ignore
    arg [macos] ==> ignore
    arg [14.0.0] ==> ignore
    arg [14.2] ==> ignore
    arg [-syslibroot] ==> ignore
    arg [/Applications/Xcode.app/Contents/Developer/Platforms/MacOSX.platform/Developer/SDKs/MacOSX14.2.sdk] ==> ignore
    arg [-O0] ==> ignore
    arg [-o] ==> ignore
    arg [/Users/liuyuxuan/Documents/KiwiEngine/build-xcode/CMakeFiles/CMakeScratch/TryCompile-srvWBr/Debug/cmTC_039a3] ==> ignore
    arg [-L/Users/liuyuxuan/Documents/KiwiEngine/build-xcode/CMakeFiles/CMakeScratch/TryCompile-srvWBr/Debug] ==> dir [/Users/liuyuxuan/Documents/KiwiEngine/build-xcode/CMakeFiles/CMakeScratch/TryCompile-srvWBr/Debug]
    arg [-reproducible] ==> ignore
    arg [-filelist] ==> ignore
    arg [/Users/liuyuxuan/Documents/KiwiEngine/build-xcode/CMakeFiles/CMakeScratch/TryCompile-srvWBr/build/cmTC_039a3.build/Debug/Objects-normal/x86_64/cmTC_039a3.LinkFileList] ==> ignore
    arg [-object_path_lto] ==> ignore
    arg [/Users/liuyuxuan/Documents/KiwiEngine/build-xcode/CMakeFiles/CMakeScratch/TryCompile-srvWBr/build/cmTC_039a3.build/Debug/Objects-normal/x86_64/cmTC_039a3_lto.o] ==> obj [/Users/liuyuxuan/Documents/KiwiEngine/build-xcode/CMakeFiles/CMakeScratch/TryCompile-srvWBr/build/cmTC_039a3.build/Debug/Objects-normal/x86_64/cmTC_039a3_lto.o]
    arg [-no_deduplicate] ==> ignore
    arg [-v] ==> ignore
    arg [-search_paths_first] ==> ignore
    arg [-headerpad_max_install_names] ==> ignore
    arg [-dependency_info] ==> ignore
    arg [/Users/liuyuxuan/Documents/KiwiEngine/build-xcode/CMakeFiles/CMakeScratch/TryCompile-srvWBr/build/cmTC_039a3.build/Debug/Objects-normal/x86_64/cmTC_039a3_dependency_info.dat] ==> ignore
    arg [-lSystem] ==> lib [System]
    arg [/Applications/Xcode.app/Contents/Developer/Toolchains/XcodeDefault.xctoolchain/usr/lib/clang/15.0.0/lib/darwin/libclang_rt.osx.a] ==> lib [/Applications/Xcode.app/Contents/Developer/Toolchains/XcodeDefault.xctoolchain/usr/lib/clang/15.0.0/lib/darwin/libclang_rt.osx.a]
    arg [-F/Users/liuyuxuan/Documents/KiwiEngine/build-xcode/CMakeFiles/CMakeScratch/TryCompile-srvWBr/Debug] ==> ignore
  Library search paths: [;/Users/liuyuxuan/Documents/KiwiEngine/build-xcode/CMakeFiles/CMakeScratch/TryCompile-srvWBr/build/EagerLinkingTBDs/Debug;/Users/liuyuxuan/Documents/KiwiEngine/build-xcode/CMakeFiles/CMakeScratch/TryCompile-srvWBr/Debug]
  Framework search paths: [;/Users/liuyuxuan/Documents/KiwiEngine/build-xcode/CMakeFiles/CMakeScratch/TryCompile-srvWBr/build/EagerLinkingTBDs/Debug;/Users/liuyuxuan/Documents/KiwiEngine/build-xcode/CMakeFiles/CMakeScratch/TryCompile-srvWBr/Debug]
  remove lib [System]
  remove lib [/Applications/Xcode.app/Contents/Developer/Toolchains/XcodeDefault.xctoolchain/usr/lib/clang/15.0.0/lib/darwin/libclang_rt.osx.a]
  collapse library dir [/Users/liuyuxuan/Documents/KiwiEngine/build-xcode/CMakeFiles/CMakeScratch/TryCompile-srvWBr/Debug] ==> [/Users/liuyuxuan/Documents/KiwiEngine/build-xcode/CMakeFiles/CMakeScratch/TryCompile-srvWBr/Debug], skipping non-system directory
  collapse library dir [/Users/liuyuxuan/Documents/KiwiEngine/build-xcode/CMakeFiles/CMakeScratch/TryCompile-srvWBr/build/EagerLinkingTBDs/Debug] ==> [/Users/liuyuxuan/Documents/KiwiEngine/build-xcode/CMakeFiles/CMakeScratch/TryCompile-srvWBr/build/EagerLinkingTBDs/Debug], skipping non-system directory
  collapse library dir [/Users/liuyuxuan/Documents/KiwiEngine/build-xcode/CMakeFiles/CMakeScratch/TryCompile-srvWBr/Debug] ==> [/Users/liuyuxuan/Documents/KiwiEngine/build-xcode/CMakeFiles/CMakeScratch/TryCompile-srvWBr/Debug], skipping non-system directory
  collapse framework dir [/Users/liuyuxuan/Documents/KiwiEngine/build-xcode/CMakeFiles/CMakeScratch/TryCompile-srvWBr/build/EagerLinkingTBDs/Debug] ==> [/Users/liuyuxuan/Documents/KiwiEngine/build-xcode/CMakeFiles/CMakeScratch/TryCompile-srvWBr/build/EagerLinkingTBDs/Debug], skipping non-system directory
  collapse framework dir [/Users/liuyuxuan/Documents/KiwiEngine/build-xcode/CMakeFiles/CMakeScratch/TryCompile-srvWBr/Debug] ==> [/Users/liuyuxuan/Documents/KiwiEngine/build-xcode/CMakeFiles/CMakeScratch/TryCompile-srvWBr/Debug], skipping non-system directory
  implicit libs: []
  implicit objs: [/Users/liuyuxuan/Documents/KiwiEngine/build-xcode/CMakeFiles/CMakeScratch/TryCompile-srvWBr/build/cmTC_039a3.build/Debug/Objects-normal/x86_64/cmTC_039a3_lto.o]
  implicit dirs: []
  implicit fwks: []


Detecting CXX compiler ABI info compiled with the following output:
Change Dir: /Users/liuyuxuan/Documents/KiwiEngine/build-xcode/CMakeFiles/CMakeScratch/TryCompile-yW9eEB

Run Build Command(s):/usr/bin/xcodebuild -project CMAKE_TRY_COMPILE.xcodeproj build -target cmTC_20520 -parallelizeTargets -configuration Debug -hideShellScriptEnvironment && objc[78501]: Class _TtC12DVTDownloads14DownloadsAsset is implemented in both /Applications/Xcode.app/Contents/SharedFrameworks/DVTDownloads.framework/Versions/A/DVTDownloads (0x10d7c6a18) and /Library/Developer/PrivateFrameworks/DVTDownloads.framework/Versions/A/DVTDownloads (0x1179b7880). This may cause spurious casting failures and mysterious crashes. One of the duplicates must be removed or renamed.
objc[78501]: Class _TtC12DVTDownloads16CryptexDiskImage is implemented in both /Applications/Xcode.app/Contents/SharedFrameworks/DVTDownloads.framework/Versions/A/DVTDownloads (0x10d7c5db8) and /Library/Developer/PrivateFrameworks/DVTDownloads.framework/Versions/A/DVTDownloads (0x1179b7d68). This may cause spurious casting failures and mysterious crashes. One of the duplicates must be removed or renamed.
objc[78501]: Class _TtC12DVTDownloads15CommandLineTool is implemented in both /Applications/Xcode.app/Contents/SharedFrameworks/DVTDownloads.framework/Versions/A/DVTDownloads (0x10d7c68c0) and /Library/Developer/PrivateFrameworks/DVTDownloads.framework/Versions/A/DVTDownloads (0x1179b8d30). This may cause spurious casting failures and mysterious crashes. One of the duplicates must be removed or renamed.
objc[78501]: Class _TtC12DVTDownloads14DiskImageTools is implemented in both /Applications/Xcode.app/Contents/SharedFrameworks/DVTDownloads.framework/Versions/A/DVTDownloads (0x10d7c66f0) and /Library/Developer/PrivateFrameworks/DVTDownloads.framework/Versions/A/DVTDownloads (0x1179b8de0). This may cause spurious casting failures and mysterious crashes. One of the duplicates must be removed or renamed.
objc[78501]: Class _TtC12DVTDownloads23SimulatorRuntimeCryptex is implemented in both /Applications/Xcode.app/Contents/SharedFrameworks/DVTDownloads.framework/Versions/A/DVTDownloads (0x10d7c6ce0) and /Library/Developer/PrivateFrameworks/DVTDownloads.framework/Versions/A/DVTDownloads (0x1179b9560). This may cause spurious casting failures and mysterious crashes. One of the duplicates must be removed or renamed.
Command line invocation:
    /Applications/Xcode.app/Contents/Developer/usr/bin/xcodebuild -project CMAKE_TRY_COMPILE.xcodeproj build -target cmTC_20520 -parallelizeTargets -configuration Debug -hideShellScriptEnvironment

User defaults from command line:
    HideShellScriptEnvironment = YES
    IDEPackageSupportUseBuiltinSCM = YES

2026-09-27 10:02:44.805 xcodebuild[78501:4731615] [MT] IDELogStore: Failed to open log store at /Users/liuyuxuan/Library/Developer/Xcode/DerivedData/CMAKE_TRY_COMPILE-bturnyamdmpikkgsdvrxziguafxp/Logs/Localization
2026-09-27 10:02:44.808 xcodebuild[78501:4731615] [MT] IDELogStore: Failed to open Localization log store: Error Domain=NSCocoaErrorDomain Code=4 "The file “LogStoreManifest.plist” doesn’t exist." UserInfo={NSFilePath=/Users/liuyuxuan/Library/Developer/Xcode/DerivedData/CMAKE_TRY_COMPILE-bturnyamdmpikkgsdvrxziguafxp/Logs/Localization/LogStoreManifest.plist, NSURL=file:///Users/liuyuxuan/Library/Developer/Xcode/DerivedData/CMAKE_TRY_COMPILE-bturnyamdmpikkgsdvrxziguafxp/Logs/Localization/LogStoreManifest.plist, NSUnderlyingError=0x7fde820cf720 {Error Domain=NSPOSIXErrorDomain Code=2 "No such file or directory"}}. User info: {
    NSFilePath = "/Users/liuyuxuan/Library/Developer/Xcode/DerivedData/CMAKE_TRY_COMPILE-bturnyamdmpikkgsdvrxziguafxp/Logs/Localization/LogStoreManifest.plist";
    NSURL = "file:///Users/liuyuxuan/Library/Developer/Xcode/DerivedData/CMAKE_TRY_COMPILE-bturnyamdmpikkgsdvrxziguafxp/Logs/Localization/LogStoreManifest.plist";
    NSUnderlyingError = "Error Domain=NSPOSIXErrorDomain Code=2 \"No such file or directory\"";
}.
2026-09-27 10:02:44.810 xcodebuild[78501:4731615] [MT] IDELogStore: Failed to open log store at /Users/liuyuxuan/Library/Developer/Xcode/DerivedData/CMAKE_TRY_COMPILE-bturnyamdmpikkgsdvrxziguafxp/Logs/Launch
2026-09-27 10:02:44.811 xcodebuild[78501:4731615] [MT] IDELogStore: Failed to open Launch log store: Error Domain=NSCocoaErrorDomain Code=4 "The file “LogStoreManifest.plist” doesn’t exist." UserInfo={NSFilePath=/Users/liuyuxuan/Library/Developer/Xcode/DerivedData/CMAKE_TRY_COMPILE-bturnyamdmpikkgsdvrxziguafxp/Logs/Launch/LogStoreManifest.plist, NSURL=file:///Users/liuyuxuan/Library/Developer/Xcode/DerivedData/CMAKE_TRY_COMPILE-bturnyamdmpikkgsdvrxziguafxp/Logs/Launch/LogStoreManifest.plist, NSUnderlyingError=0x7fde820d25d0 {Error Domain=NSPOSIXErrorDomain Code=2 "No such file or directory"}}. User info: {
    NSFilePath = "/Users/liuyuxuan/Library/Developer/Xcode/DerivedData/CMAKE_TRY_COMPILE-bturnyamdmpikkgsdvrxziguafxp/Logs/Launch/LogStoreManifest.plist";
    NSURL = "file:///Users/liuyuxuan/Library/Developer/Xcode/DerivedData/CMAKE_TRY_COMPILE-bturnyamdmpikkgsdvrxziguafxp/Logs/Launch/LogStoreManifest.plist";
    NSUnderlyingError = "Error Domain=NSPOSIXErrorDomain Code=2 \"No such file or directory\"";
}.
2026-09-27 10:02:44.819 xcodebuild[78501:4731615] [MT] IDELogStore: Failed to open log store at /Users/liuyuxuan/Library/Developer/Xcode/DerivedData/CMAKE_TRY_COMPILE-bturnyamdmpikkgsdvrxziguafxp/Logs/Package
2026-09-27 10:02:44.820 xcodebuild[78501:4731615] [MT] IDELogStore: Failed to open Package log store: Error Domain=NSCocoaErrorDomain Code=4 "The file “LogStoreManifest.plist” doesn’t exist." UserInfo={NSFilePath=/Users/liuyuxuan/Library/Developer/Xcode/DerivedData/CMAKE_TRY_COMPILE-bturnyamdmpikkgsdvrxziguafxp/Logs/Package/LogStoreManifest.plist, NSURL=file:///Users/liuyuxuan/Library/Developer/Xcode/DerivedData/CMAKE_TRY_COMPILE-bturnyamdmpikkgsdvrxziguafxp/Logs/Package/LogStoreManifest.plist, NSUnderlyingError=0x7fde82324630 {Error Domain=NSPOSIXErrorDomain Code=2 "No such file or directory"}}. User info: {
    NSFilePath = "/Users/liuyuxuan/Library/Developer/Xcode/DerivedData/CMAKE_TRY_COMPILE-bturnyamdmpikkgsdvrxziguafxp/Logs/Package/LogStoreManifest.plist";
    NSURL = "file:///Users/liuyuxuan/Library/Developer/Xcode/DerivedData/CMAKE_TRY_COMPILE-bturnyamdmpikkgsdvrxziguafxp/Logs/Package/LogStoreManifest.plist";
    NSUnderlyingError = "Error Domain=NSPOSIXErrorDomain Code=2 \"No such file or directory\"";
}.
2026-09-27 10:02:44.861 xcodebuild[78501:4731615] [MT] IDELogStore: Failed to open log store at /Users/liuyuxuan/Library/Developer/Xcode/DerivedData/CMAKE_TRY_COMPILE-bturnyamdmpikkgsdvrxziguafxp/Logs/Test
2026-09-27 10:02:44.862 xcodebuild[78501:4731615] [MT] IDELogStore: Failed to open Test log store: Error Domain=NSCocoaErrorDomain Code=4 "The file “LogStoreManifest.plist” doesn’t exist." UserInfo={NSFilePath=/Users/liuyuxuan/Library/Developer/Xcode/DerivedData/CMAKE_TRY_COMPILE-bturnyamdmpikkgsdvrxziguafxp/Logs/Test/LogStoreManifest.plist, NSURL=file:///Users/liuyuxuan/Library/Developer/Xcode/DerivedData/CMAKE_TRY_COMPILE-bturnyamdmpikkgsdvrxziguafxp/Logs/Test/LogStoreManifest.plist, NSUnderlyingError=0x7fde81bf7280 {Error Domain=NSPOSIXErrorDomain Code=2 "No such file or directory"}}. User info: {
    NSFilePath = "/Users/liuyuxuan/Library/Developer/Xcode/DerivedData/CMAKE_TRY_COMPILE-bturnyamdmpikkgsdvrxziguafxp/Logs/Test/LogStoreManifest.plist";
    NSURL = "file:///Users/liuyuxuan/Library/Developer/Xcode/DerivedData/CMAKE_TRY_COMPILE-bturnyamdmpikkgsdvrxziguafxp/Logs/Test/LogStoreManifest.plist";
    NSUnderlyingError = "Error Domain=NSPOSIXErrorDomain Code=2 \"No such file or directory\"";
}.
ComputeTargetDependencyGraph
note: Building targets in dependency order
note: Target dependency graph (1 target)
    Target 'cmTC_20520' in project 'CMAKE_TRY_COMPILE' (no dependencies)

GatherProvisioningInputs

CreateBuildDescription
Build description signature: 87890a85b828ea03fa654ae50a704db2
Build description path: /Users/liuyuxuan/Documents/KiwiEngine/build-xcode/CMakeFiles/CMakeScratch/TryCompile-yW9eEB/build/XCBuildData/87890a85b828ea03fa654ae50a704db2.xcbuilddata

CreateBuildDirectory /Users/liuyuxuan/Documents/KiwiEngine/build-xcode/CMakeFiles/CMakeScratch/TryCompile-yW9eEB/Debug
    cd /Users/liuyuxuan/Documents/KiwiEngine/build-xcode/CMakeFiles/CMakeScratch/TryCompile-yW9eEB/CMAKE_TRY_COMPILE.xcodeproj
    builtin-create-build-directory /Users/liuyuxuan/Documents/KiwiEngine/build-xcode/CMakeFiles/CMakeScratch/TryCompile-yW9eEB/Debug

ClangStatCache /Applications/Xcode.app/Contents/Developer/Toolchains/XcodeDefault.xctoolchain/usr/bin/clang-stat-cache /Applications/Xcode.app/Contents/Developer/Platforms/MacOSX.platform/Developer/SDKs/MacOSX14.2.sdk /var/folders/d_/qz91s5mx0r96yp3hzr6jhvlc0000gn/C/com.apple.DeveloperTools/15.1-15C65/Xcode/SDKStatCaches.noindex/macosx14.2-23C53-df0db8920d7ae99241a1bc0f08d2dced.sdkstatcache
    cd /Users/liuyuxuan/Documents/KiwiEngine/build-xcode/CMakeFiles/CMakeScratch/TryCompile-yW9eEB/CMAKE_TRY_COMPILE.xcodeproj
    /Applications/Xcode.app/Contents/Developer/Toolchains/XcodeDefault.xctoolchain/usr/bin/clang-stat-cache /Applications/Xcode.app/Contents/Developer/Platforms/MacOSX.platform/Developer/SDKs/MacOSX14.2.sdk -o /var/folders/d_/qz91s5mx0r96yp3hzr6jhvlc0000gn/C/com.apple.DeveloperTools/15.1-15C65/Xcode/SDKStatCaches.noindex/macosx14.2-23C53-df0db8920d7ae99241a1bc0f08d2dced.sdkstatcache

CreateBuildDirectory /Users/liuyuxuan/Documents/KiwiEngine/build-xcode/CMakeFiles/CMakeScratch/TryCompile-yW9eEB/build
    cd /Users/liuyuxuan/Documents/KiwiEngine/build-xcode/CMakeFiles/CMakeScratch/TryCompile-yW9eEB/CMAKE_TRY_COMPILE.xcodeproj
    builtin-create-build-directory /Users/liuyuxuan/Documents/KiwiEngine/build-xcode/CMakeFiles/CMakeScratch/TryCompile-yW9eEB/build

CreateBuildDirectory /Users/liuyuxuan/Documents/KiwiEngine/build-xcode/CMakeFiles/CMakeScratch/TryCompile-yW9eEB/build/EagerLinkingTBDs/Debug
    cd /Users/liuyuxuan/Documents/KiwiEngine/build-xcode/CMakeFiles/CMakeScratch/TryCompile-yW9eEB/CMAKE_TRY_COMPILE.xcodeproj
    builtin-create-build-directory /Users/liuyuxuan/Documents/KiwiEngine/build-xcode/CMakeFiles/CMakeScratch/TryCompile-yW9eEB/build/EagerLinkingTBDs/Debug

WriteAuxiliaryFile /Users/liuyuxuan/Documents/KiwiEngine/build-xcode/CMakeFiles/CMakeScratch/TryCompile-yW9eEB/build/cmTC_20520.build/Debug/Objects-normal/x86_64/cmTC_20520.LinkFileList (in target 'cmTC_20520' from project 'CMAKE_TRY_COMPILE')
    cd /Users/liuyuxuan/Documents/KiwiEngine/build-xcode/CMakeFiles/CMakeScratch/TryCompile-yW9eEB
    write-file /Users/liuyuxuan/Documents/KiwiEngine/build-xcode/CMakeFiles/CMakeScratch/TryCompile-yW9eEB/build/cmTC_20520.build/Debug/Objects-normal/x86_64/cmTC_20520.LinkFileList

CompileC /Users/liuyuxuan/Documents/KiwiEngine/build-xcode/CMakeFiles/CMakeScratch/TryCompile-yW9eEB/build/cmTC_20520.build/Debug/Objects-normal/x86_64/CMakeCXXCompilerABI.o /usr/local/Cellar/cmake/3.25.1/share/cmake/Modules/CMakeCXXCompilerABI.cpp normal x86_64 c++ com.apple.compilers.llvm.clang.1_0.compiler (in target 'cmTC_20520' from project 'CMAKE_TRY_COMPILE')
    cd /Users/liuyuxuan/Documents/KiwiEngine/build-xcode/CMakeFiles/CMakeScratch/TryCompile-yW9eEB
    /Applications/Xcode.app/Contents/Developer/Toolchains/XcodeDefault.xctoolchain/usr/bin/clang -x c++ -ivfsstatcache /var/folders/d_/qz91s5mx0r96yp3hzr6jhvlc0000gn/C/com.apple.DeveloperTools/15.1-15C65/Xcode/SDKStatCaches.noindex/macosx14.2-23C53-df0db8920d7ae99241a1bc0f08d2dced.sdkstatcache -target x86_64-apple-macos14.0 -fmessage-length\=0 -fdiagnostics-show-note-include-stack -fmacro-backtrace-limit\=0 -fno-color-diagnostics -Wno-trigraphs -fpascal-strings -O0 -Wno-missing-field-initializers -Wno-missing-prototypes -Wno-return-type -Wno-non-virtual-dtor -Wno-overloaded-virtual -Wno-exit-time-destructors -Wno-missing-braces -Wparentheses -Wswitch -Wno-unused-function -Wno-unused-label -Wno-unused-parameter -Wno-unused-variable -Wunused-value -Wno-empty-body -Wno-uninitialized -Wno-unknown-pragmas -Wno-shadow -Wno-four-char-constants -Wno-conversion -Wno-constant-conversion -Wno-int-conversion -Wno-bool-conversion -Wno-enum-conversion -Wno-float-conversion -Wno-non-literal-null-conversion -Wno-objc-literal-conversion -Wshorten-64-to-32 -Wno-newline-eof -Wno-c++11-extensions -Wno-implicit-fallthrough -DCMAKE_INTDIR\=\"Debug\" -isysroot /Applications/Xcode.app/Contents/Developer/Platforms/MacOSX.platform/Developer/SDKs/MacOSX14.2.sdk -fasm-blocks -fstrict-aliasing -Wdeprecated-declarations -Winvalid-offsetof -g -Wno-sign-conversion -Wno-infinite-recursion -Wno-move -Wno-comma -Wno-block-capture-autoreleasing -Wno-strict-prototypes -Wno-range-loop-analysis -Wno-semicolon-before-method-body -I/Users/liuyuxuan/Documents/KiwiEngine/build-xcode/CMakeFiles/CMakeScratch/TryCompile-yW9eEB/Debug/include -I/Users/liuyuxuan/Documents/KiwiEngine/build-xcode/CMakeFiles/CMakeScratch/TryCompile-yW9eEB/build/cmTC_20520.build/Debug/DerivedSources-normal/x86_64 -I/Users/liuyuxuan/Documents/KiwiEngine/build-xcode/CMakeFiles/CMakeScratch/TryCompile-yW9eEB/build/cmTC_20520.build/Debug/DerivedSources/x86_64 -I/Users/liuyuxuan/Documents/KiwiEngine/build-xcode/CMakeFiles/CMakeScratch/TryCompile-yW9eEB/build/cmTC_20520.build/Debug/DerivedSources -F/Users/liuyuxuan/Documents/KiwiEngine/build-xcode/CMakeFiles/CMakeScratch/TryCompile-yW9eEB/Debug -v -Wl,-v -MMD -MT dependencies -MF /Users/liuyuxuan/Documents/KiwiEngine/build-xcode/CMakeFiles/CMakeScratch/TryCompile-yW9eEB/build/cmTC_20520.build/Debug/Objects-normal/x86_64/CMakeCXXCompilerABI.d --serialize-diagnostics /Users/liuyuxuan/Documents/KiwiEngine/build-xcode/CMakeFiles/CMakeScratch/TryCompile-yW9eEB/build/cmTC_20520.build/Debug/Objects-normal/x86_64/CMakeCXXCompilerABI.dia -c /usr/local/Cellar/cmake/3.25.1/share/cmake/Modules/CMakeCXXCompilerABI.cpp -o /Users/liuyuxuan/Documents/KiwiEngine/build-xcode/CMakeFiles/CMakeScratch/TryCompile-yW9eEB/build/cmTC_20520.build/Debug/Objects-normal/x86_64/CMakeCXXCompilerABI.o
Apple clang version 15.0.0 (clang-1500.1.0.2.5)
Target: x86_64-apple-macos14.0
Thread model: posix
InstalledDir: /Applications/Xcode.app/Contents/Developer/Toolchains/XcodeDefault.xctoolchain/usr/bin
clang: warning: -Wl,-v: 'linker' input unused [-Wunused-command-line-argument]
 "/Applications/Xcode.app/Contents/Developer/Toolchains/XcodeDefault.xctoolchain/usr/bin/clang" -cc1 -triple x86_64-apple-macosx14.0.0 -Wundef-prefix=TARGET_OS_ -Wdeprecated-objc-isa-usage -Werror=deprecated-objc-isa-usage -Werror=implicit-function-declaration -emit-obj -mrelax-all --mrelax-relocations -disable-free -clear-ast-before-backend -disable-llvm-verifier -discard-value-names -main-file-name CMakeCXXCompilerABI.cpp -mrelocation-model pic -pic-level 2 -mframe-pointer=all -fno-strict-return -ffp-contract=on -fno-rounding-math -funwind-tables=2 -target-sdk-version=14.2 -fvisibility-inlines-hidden-static-local-var -target-cpu penryn -tune-cpu generic -mllvm -treat-scalable-fixed-error-as-warning -debug-info-kind=standalone -dwarf-version=4 -debugger-tuning=lldb -target-linker-version 1022.1 -v -fcoverage-compilation-dir=/Users/liuyuxuan/Documents/KiwiEngine/build-xcode/CMakeFiles/CMakeScratch/TryCompile-yW9eEB -resource-dir /Applications/Xcode.app/Contents/Developer/Toolchains/XcodeDefault.xctoolchain/usr/lib/clang/15.0.0 -dependency-file /Users/liuyuxuan/Documents/KiwiEngine/build-xcode/CMakeFiles/CMakeScratch/TryCompile-yW9eEB/build/cmTC_20520.build/Debug/Objects-normal/x86_64/CMakeCXXCompilerABI.d -skip-unused-modulemap-deps -MT dependencies -ivfsstatcache /var/folders/d_/qz91s5mx0r96yp3hzr6jhvlc0000gn/C/com.apple.DeveloperTools/15.1-15C65/Xcode/SDKStatCaches.noindex/macosx14.2-23C53-df0db8920d7ae99241a1bc0f08d2dced.sdkstatcache -isysroot /Applications/Xcode.app/Contents/Developer/Platforms/MacOSX.platform/Developer/SDKs/MacOSX14.2.sdk -D "CMAKE_INTDIR=\"Debug\"" -I /Users/liuyuxuan/Documents/KiwiEngine/build-xcode/CMakeFiles/CMakeScratch/TryCompile-yW9eEB/Debug/include -I /Users/liuyuxuan/Documents/KiwiEngine/build-xcode/CMakeFiles/CMakeScratch/TryCompile-yW9eEB/build/cmTC_20520.build/Debug/DerivedSources-normal/x86_64 -I /Users/liuyuxuan/Documents/KiwiEngine/build-xcode/CMakeFiles/CMakeScratch/TryCompile-yW9eEB/build/cmTC_20520.build/Debug/DerivedSources/x86_64 -I /Users/liuyuxuan/Documents/KiwiEngine/build-xcode/CMakeFiles/CMakeScratch/TryCompile-yW9eEB/build/cmTC_20520.build/Debug/DerivedSources -F/Users/liuyuxuan/Documents/KiwiEngine/build-xcode/CMakeFiles/CMakeScratch/TryCompile-yW9eEB/Debug -internal-isystem /Applications/Xcode.app/Contents/Developer/Platforms/MacOSX.platform/Developer/SDKs/MacOSX14.2.sdk/usr/include/c++/v1 -internal-isystem /Applications/Xcode.app/Contents/Developer/Platforms/MacOSX.platform/Developer/SDKs/MacOSX14.2.sdk/usr/local/include -internal-isystem /Applications/Xcode.app/Contents/Developer/Toolchains/XcodeDefault.xctoolchain/usr/lib/clang/15.0.0/include -internal-externc-isystem /Applications/Xcode.app/Contents/Developer/Platforms/MacOSX.platform/Developer/SDKs/MacOSX14.2.sdk/usr/include -internal-externc-isystem /Applications/Xcode.app/Contents/Developer/Toolchains/XcodeDefault.xctoolchain/usr/include -O0 -Wno-trigraphs -Wno-missing-field-initializers -Wno-missing-prototypes -Wno-return-type -Wno-non-virtual-dtor -Wno-overloaded-virtual -Wno-exit-time-destructors -Wno-missing-braces -Wparentheses -Wswitch -Wno-unused-function -Wno-unused-label -Wno-unused-parameter -Wno-unused-variable -Wunused-value -Wno-empty-body -Wno-uninitialized -Wno-unknown-pragmas -Wno-shadow -Wno-four-char-constants -Wno-conversion -Wno-constant-conversion -Wno-int-conversion -Wno-bool-conversion -Wno-enum-conversion -Wno-float-conversion -Wno-non-literal-null-conversion -Wno-objc-literal-conversion -Wshorten-64-to-32 -Wno-newline-eof -Wno-c++11-extensions -Wno-implicit-fallthrough -Wdeprecated-declarations -Winvalid-offsetof -Wno-sign-conversion -Wno-infinite-recursion -Wno-move -Wno-comma -Wno-block-capture-autoreleasing -Wno-strict-prototypes -Wno-range-loop-analysis -Wno-semicolon-before-method-body -Wno-reorder-init-list -Wno-implicit-int-float-conversion -Wno-c99-designator -Wno-final-dtor-non-final-class -Wno-extra-semi-stmt -Wno-misleading-indentation -Wno-quoted-include-in-framework-header -Wno-implicit-fallthrough -Wno-enum-enum-conversion -Wno-enum-float-conversion -Wno-elaborated-enum-base -Wno-reserved-identifier -Wno-gnu-folding-constant -fdeprecated-macro -fdebug-compilation-dir=/Users/liuyuxuan/Documents/KiwiEngine/build-xcode/CMakeFiles/CMakeScratch/TryCompile-yW9eEB -ferror-limit 19 -fmacro-backtrace-limit 0 -stack-protector 1 -fstack-check -mdarwin-stkchk-strong-link -fblocks -fencode-extended-block-signature -fregister-global-dtors-with-atexit -fgnuc-version=4.2.1 -fno-cxx-modules -fcxx-exceptions -fexceptions -fpascal-strings -fmax-type-align=16 -fcommon -fdiagnostics-show-note-include-stack -fasm-blocks -serialize-diagnostic-file /Users/liuyuxuan/Documents/KiwiEngine/build-xcode/CMakeFiles/CMakeScratch/TryCompile-yW9eEB/build/cmTC_20520.build/Debug/Objects-normal/x86_64/CMakeCXXCompilerABI.dia -clang-vendor-feature=+disableNonDependentMemberExprInCurrentInstantiation -fno-odr-hash-protocols -clang-vendor-feature=+enableAggressiveVLAFolding -clang-vendor-feature=+revert09abecef7bbf -clang-vendor-feature=+thisNoAlignAttr -clang-vendor-feature=+thisNoNullAttr -mllvm -disable-aligned-alloc-awareness=1 -D__GCC_HAVE_DWARF2_CFI_ASM=1 -o /Users/liuyuxuan/Documents/KiwiEngine/build-xcode/CMakeFiles/CMakeScratch/TryCompile-yW9eEB/build/cmTC_20520.build/Debug/Objects-normal/x86_64/CMakeCXXCompilerABI.o -x c++ /usr/local/Cellar/cmake/3.25.1/share/cmake/Modules/CMakeCXXCompilerABI.cpp
clang -cc1 version 15.0.0 (clang-1500.1.0.2.5) default target x86_64-apple-darwin25.5.0
ignoring nonexistent directory "/Users/liuyuxuan/Documents/KiwiEngine/build-xcode/CMakeFiles/CMakeScratch/TryCompile-yW9eEB/Debug/include"
ignoring nonexistent directory "/Users/liuyuxuan/Documents/KiwiEngine/build-xcode/CMakeFiles/CMakeScratch/TryCompile-yW9eEB/build/cmTC_20520.build/Debug/DerivedSources-normal/x86_64"
ignoring nonexistent directory "/Users/liuyuxuan/Documents/KiwiEngine/build-xcode/CMakeFiles/CMakeScratch/TryCompile-yW9eEB/build/cmTC_20520.build/Debug/DerivedSources/x86_64"
ignoring nonexistent directory "/Users/liuyuxuan/Documents/KiwiEngine/build-xcode/CMakeFiles/CMakeScratch/TryCompile-yW9eEB/build/cmTC_20520.build/Debug/DerivedSources"
ignoring nonexistent directory "/Applications/Xcode.app/Contents/Developer/Platforms/MacOSX.platform/Developer/SDKs/MacOSX14.2.sdk/usr/local/include"
ignoring nonexistent directory "/Applications/Xcode.app/Contents/Developer/Platforms/MacOSX.platform/Developer/SDKs/MacOSX14.2.sdk/Library/Frameworks"
#include "..." search starts here:
#include <...> search starts here:
 /Users/liuyuxuan/Documents/KiwiEngine/build-xcode/CMakeFiles/CMakeScratch/TryCompile-yW9eEB/Debug (framework directory)
 /Applications/Xcode.app/Contents/Developer/Platforms/MacOSX.platform/Developer/SDKs/MacOSX14.2.sdk/usr/include/c++/v1
 /Applications/Xcode.app/Contents/Developer/Toolchains/XcodeDefault.xctoolchain/usr/lib/clang/15.0.0/include
 /Applications/Xcode.app/Contents/Developer/Platforms/MacOSX.platform/Developer/SDKs/MacOSX14.2.sdk/usr/include
 /Applications/Xcode.app/Contents/Developer/Toolchains/XcodeDefault.xctoolchain/usr/include
 /Applications/Xcode.app/Contents/Developer/Platforms/MacOSX.platform/Developer/SDKs/MacOSX14.2.sdk/System/Library/Frameworks (framework directory)
End of search list.

Ld /Users/liuyuxuan/Documents/KiwiEngine/build-xcode/CMakeFiles/CMakeScratch/TryCompile-yW9eEB/Debug/cmTC_20520 normal (in target 'cmTC_20520' from project 'CMAKE_TRY_COMPILE')
    cd /Users/liuyuxuan/Documents/KiwiEngine/build-xcode/CMakeFiles/CMakeScratch/TryCompile-yW9eEB
    /Applications/Xcode.app/Contents/Developer/Toolchains/XcodeDefault.xctoolchain/usr/bin/clang++ -Xlinker -reproducible -target x86_64-apple-macos14.0 -isysroot /Applications/Xcode.app/Contents/Developer/Platforms/MacOSX.platform/Developer/SDKs/MacOSX14.2.sdk -O0 -L/Users/liuyuxuan/Documents/KiwiEngine/build-xcode/CMakeFiles/CMakeScratch/TryCompile-yW9eEB/build/EagerLinkingTBDs/Debug -L/Users/liuyuxuan/Documents/KiwiEngine/build-xcode/CMakeFiles/CMakeScratch/TryCompile-yW9eEB/Debug -F/Users/liuyuxuan/Documents/KiwiEngine/build-xcode/CMakeFiles/CMakeScratch/TryCompile-yW9eEB/build/EagerLinkingTBDs/Debug -F/Users/liuyuxuan/Documents/KiwiEngine/build-xcode/CMakeFiles/CMakeScratch/TryCompile-yW9eEB/Debug -filelist /Users/liuyuxuan/Documents/KiwiEngine/build-xcode/CMakeFiles/CMakeScratch/TryCompile-yW9eEB/build/cmTC_20520.build/Debug/Objects-normal/x86_64/cmTC_20520.LinkFileList -Xlinker -object_path_lto -Xlinker /Users/liuyuxuan/Documents/KiwiEngine/build-xcode/CMakeFiles/CMakeScratch/TryCompile-yW9eEB/build/cmTC_20520.build/Debug/Objects-normal/x86_64/cmTC_20520_lto.o -Xlinker -no_deduplicate -v -Wl,-v -Wl,-search_paths_first -Wl,-headerpad_max_install_names -Xlinker -dependency_info -Xlinker /Users/liuyuxuan/Documents/KiwiEngine/build-xcode/CMakeFiles/CMakeScratch/TryCompile-yW9eEB/build/cmTC_20520.build/Debug/Objects-normal/x86_64/cmTC_20520_dependency_info.dat -o /Users/liuyuxuan/Documents/KiwiEngine/build-xcode/CMakeFiles/CMakeScratch/TryCompile-yW9eEB/Debug/cmTC_20520
Apple clang version 15.0.0 (clang-1500.1.0.2.5)
Target: x86_64-apple-macos14.0
Thread model: posix
InstalledDir: /Applications/Xcode.app/Contents/Developer/Toolchains/XcodeDefault.xctoolchain/usr/bin
 "/Applications/Xcode.app/Contents/Developer/Toolchains/XcodeDefault.xctoolchain/usr/bin/ld" -demangle -lto_library /Applications/Xcode.app/Contents/Developer/Toolchains/XcodeDefault.xctoolchain/usr/lib/libLTO.dylib -no_deduplicate -dynamic -arch x86_64 -platform_version macos 14.0.0 14.2 -syslibroot /Applications/Xcode.app/Contents/Developer/Platforms/MacOSX.platform/Developer/SDKs/MacOSX14.2.sdk -O0 -o /Users/liuyuxuan/Documents/KiwiEngine/build-xcode/CMakeFiles/CMakeScratch/TryCompile-yW9eEB/Debug/cmTC_20520 -L/Users/liuyuxuan/Documents/KiwiEngine/build-xcode/CMakeFiles/CMakeScratch/TryCompile-yW9eEB/build/EagerLinkingTBDs/Debug -L/Users/liuyuxuan/Documents/KiwiEngine/build-xcode/CMakeFiles/CMakeScratch/TryCompile-yW9eEB/Debug -reproducible -filelist /Users/liuyuxuan/Documents/KiwiEngine/build-xcode/CMakeFiles/CMakeScratch/TryCompile-yW9eEB/build/cmTC_20520.build/Debug/Objects-normal/x86_64/cmTC_20520.LinkFileList -object_path_lto /Users/liuyuxuan/Documents/KiwiEngine/build-xcode/CMakeFiles/CMakeScratch/TryCompile-yW9eEB/build/cmTC_20520.build/Debug/Objects-normal/x86_64/cmTC_20520_lto.o -no_deduplicate -v -search_paths_first -headerpad_max_install_names -dependency_info /Users/liuyuxuan/Documents/KiwiEngine/build-xcode/CMakeFiles/CMakeScratch/TryCompile-yW9eEB/build/cmTC_20520.build/Debug/Objects-normal/x86_64/cmTC_20520_dependency_info.dat -lc++ -lSystem /Applications/Xcode.app/Contents/Developer/Toolchains/XcodeDefault.xctoolchain/usr/lib/clang/15.0.0/lib/darwin/libclang_rt.osx.a -F/Users/liuyuxuan/Documents/KiwiEngine/build-xcode/CMakeFiles/CMakeScratch/TryCompile-yW9eEB/build/EagerLinkingTBDs/Debug -F/Users/liuyuxuan/Documents/KiwiEngine/build-xcode/CMakeFiles/CMakeScratch/TryCompile-yW9eEB/Debug
@(#)PROGRAM:ld  PROJECT:dyld-1022.1
BUILD 13:20:30 Nov 10 2023
configured to support archs: armv6 armv7 armv7s arm64 arm64e arm64_32 i386 x86_64 x86_64h
will use ld-classic for: armv6 armv7 armv7s arm64_32 i386 armv6m armv7k armv7m armv7em
LTO support using: LLVM version 15.0.0 (static support for 29, runtime is 29)
TAPI support using: Apple TAPI version 15.0.0 (tapi-1500.0.12.8)
Library search paths:
	/Users/liuyuxuan/Documents/KiwiEngine/build-xcode/CMakeFiles/CMakeScratch/TryCompile-yW9eEB/build/EagerLinkingTBDs/Debug
	/Users/liuyuxuan/Documents/KiwiEngine/build-xcode/CMakeFiles/CMakeScratch/TryCompile-yW9eEB/Debug
Framework search paths:
	/Users/liuyuxuan/Documents/KiwiEngine/build-xcode/CMakeFiles/CMakeScratch/TryCompile-yW9eEB/build/EagerLinkingTBDs/Debug
	/Users/liuyuxuan/Documents/KiwiEngine/build-xcode/CMakeFiles/CMakeScratch/TryCompile-yW9eEB/Debug

RegisterExecutionPolicyException /Users/liuyuxuan/Documents/KiwiEngine/build-xcode/CMakeFiles/CMakeScratch/TryCompile-yW9eEB/Debug/cmTC_20520 (in target 'cmTC_20520' from project 'CMAKE_TRY_COMPILE')
    cd /Users/liuyuxuan/Documents/KiwiEngine/build-xcode/CMakeFiles/CMakeScratch/TryCompile-yW9eEB
    builtin-RegisterExecutionPolicyException /Users/liuyuxuan/Documents/KiwiEngine/build-xcode/CMakeFiles/CMakeScratch/TryCompile-yW9eEB/Debug/cmTC_20520

** BUILD SUCCEEDED **




Parsed CXX implicit include dir info from above output: rv=done
  found start of include info
  found start of implicit include info
    add: [/Applications/Xcode.app/Contents/Developer/Platforms/MacOSX.platform/Developer/SDKs/MacOSX14.2.sdk/usr/include/c++/v1]
    add: [/Applications/Xcode.app/Contents/Developer/Toolchains/XcodeDefault.xctoolchain/usr/lib/clang/15.0.0/include]
    add: [/Applications/Xcode.app/Contents/Developer/Platforms/MacOSX.platform/Developer/SDKs/MacOSX14.2.sdk/usr/include]
    add: [/Applications/Xcode.app/Contents/Developer/Toolchains/XcodeDefault.xctoolchain/usr/include]
  end of search list found
  collapse include dir [/Applications/Xcode.app/Contents/Developer/Platforms/MacOSX.platform/Developer/SDKs/MacOSX14.2.sdk/usr/include/c++/v1] ==> [/Applications/Xcode.app/Contents/Developer/Platforms/MacOSX.platform/Developer/SDKs/MacOSX14.2.sdk/usr/include/c++/v1]
  collapse include dir [/Applications/Xcode.app/Contents/Developer/Toolchains/XcodeDefault.xctoolchain/usr/lib/clang/15.0.0/include] ==> [/Applications/Xcode.app/Contents/Developer/Toolchains/XcodeDefault.xctoolchain/usr/lib/clang/15.0.0/include]
  collapse include dir [/Applications/Xcode.app/Contents/Developer/Platforms/MacOSX.platform/Developer/SDKs/MacOSX14.2.sdk/usr/include] ==> [/Applications/Xcode.app/Contents/Developer/Platforms/MacOSX.platform/Developer/SDKs/MacOSX14.2.sdk/usr/include]
  collapse include dir [/Applications/Xcode.app/Contents/Developer/Toolchains/XcodeDefault.xctoolchain/usr/include] ==> [/Applications/Xcode.app/Contents/Developer/Toolchains/XcodeDefault.xctoolchain/usr/include]
  implicit include dirs: [/Applications/Xcode.app/Contents/Developer/Platforms/MacOSX.platform/Developer/SDKs/MacOSX14.2.sdk/usr/include/c++/v1;/Applications/Xcode.app/Contents/Developer/Toolchains/XcodeDefault.xctoolchain/usr/lib/clang/15.0.0/include;/Applications/Xcode.app/Contents/Developer/Platforms/MacOSX.platform/Developer/SDKs/MacOSX14.2.sdk/usr/include;/Applications/Xcode.app/Contents/Developer/Toolchains/XcodeDefault.xctoolchain/usr/include]


Parsed CXX implicit link information from above output:
  link line regex: [^( *|.*[/\])(ld|CMAKE_LINK_STARTFILE-NOTFOUND|([^/\]+-)?ld|collect2)[^/\]*( |$)]
  ignore line: [Change Dir: /Users/liuyuxuan/Documents/KiwiEngine/build-xcode/CMakeFiles/CMakeScratch/TryCompile-yW9eEB]
  ignore line: []
  ignore line: [Run Build Command(s):/usr/bin/xcodebuild -project CMAKE_TRY_COMPILE.xcodeproj build -target cmTC_20520 -parallelizeTargets -configuration Debug -hideShellScriptEnvironment && objc[78501]: Class _TtC12DVTDownloads14DownloadsAsset is implemented in both /Applications/Xcode.app/Contents/SharedFrameworks/DVTDownloads.framework/Versions/A/DVTDownloads (0x10d7c6a18) and /Library/Developer/PrivateFrameworks/DVTDownloads.framework/Versions/A/DVTDownloads (0x1179b7880). This may cause spurious casting failures and mysterious crashes. One of the duplicates must be removed or renamed.]
  ignore line: [objc[78501]: Class _TtC12DVTDownloads16CryptexDiskImage is implemented in both /Applications/Xcode.app/Contents/SharedFrameworks/DVTDownloads.framework/Versions/A/DVTDownloads (0x10d7c5db8) and /Library/Developer/PrivateFrameworks/DVTDownloads.framework/Versions/A/DVTDownloads (0x1179b7d68). This may cause spurious casting failures and mysterious crashes. One of the duplicates must be removed or renamed.]
  ignore line: [objc[78501]: Class _TtC12DVTDownloads15CommandLineTool is implemented in both /Applications/Xcode.app/Contents/SharedFrameworks/DVTDownloads.framework/Versions/A/DVTDownloads (0x10d7c68c0) and /Library/Developer/PrivateFrameworks/DVTDownloads.framework/Versions/A/DVTDownloads (0x1179b8d30). This may cause spurious casting failures and mysterious crashes. One of the duplicates must be removed or renamed.]
  ignore line: [objc[78501]: Class _TtC12DVTDownloads14DiskImageTools is implemented in both /Applications/Xcode.app/Contents/SharedFrameworks/DVTDownloads.framework/Versions/A/DVTDownloads (0x10d7c66f0) and /Library/Developer/PrivateFrameworks/DVTDownloads.framework/Versions/A/DVTDownloads (0x1179b8de0). This may cause spurious casting failures and mysterious crashes. One of the duplicates must be removed or renamed.]
  ignore line: [objc[78501]: Class _TtC12DVTDownloads23SimulatorRuntimeCryptex is implemented in both /Applications/Xcode.app/Contents/SharedFrameworks/DVTDownloads.framework/Versions/A/DVTDownloads (0x10d7c6ce0) and /Library/Developer/PrivateFrameworks/DVTDownloads.framework/Versions/A/DVTDownloads (0x1179b9560). This may cause spurious casting failures and mysterious crashes. One of the duplicates must be removed or renamed.]
  ignore line: [Command line invocation:]
  ignore line: [    /Applications/Xcode.app/Contents/Developer/usr/bin/xcodebuild -project CMAKE_TRY_COMPILE.xcodeproj build -target cmTC_20520 -parallelizeTargets -configuration Debug -hideShellScriptEnvironment]
  ignore line: []
  ignore line: [User defaults from command line:]
  ignore line: [    HideShellScriptEnvironment = YES]
  ignore line: [    IDEPackageSupportUseBuiltinSCM = YES]
  ignore line: []
  ignore line: [2026-09-27 10:02:44.805 xcodebuild[78501:4731615] [MT] IDELogStore: Failed to open log store at /Users/liuyuxuan/Library/Developer/Xcode/DerivedData/CMAKE_TRY_COMPILE-bturnyamdmpikkgsdvrxziguafxp/Logs/Localization]
  ignore line: [2026-09-27 10:02:44.808 xcodebuild[78501:4731615] [MT] IDELogStore: Failed to open Localization log store: Error Domain=NSCocoaErrorDomain Code=4 "The file “LogStoreManifest.plist” doesn’t exist." UserInfo={NSFilePath=/Users/liuyuxuan/Library/Developer/Xcode/DerivedData/CMAKE_TRY_COMPILE-bturnyamdmpikkgsdvrxziguafxp/Logs/Localization/LogStoreManifest.plist  NSURL=file:///Users/liuyuxuan/Library/Developer/Xcode/DerivedData/CMAKE_TRY_COMPILE-bturnyamdmpikkgsdvrxziguafxp/Logs/Localization/LogStoreManifest.plist  NSUnderlyingError=0x7fde820cf720 {Error Domain=NSPOSIXErrorDomain Code=2 "No such file or directory"}}. User info: {]
  ignore line: [    NSFilePath = "/Users/liuyuxuan/Library/Developer/Xcode/DerivedData/CMAKE_TRY_COMPILE-bturnyamdmpikkgsdvrxziguafxp/Logs/Localization/LogStoreManifest.plist"]
  ignore line: []
  ignore line: [    NSURL = "file:///Users/liuyuxuan/Library/Developer/Xcode/DerivedData/CMAKE_TRY_COMPILE-bturnyamdmpikkgsdvrxziguafxp/Logs/Localization/LogStoreManifest.plist"]
  ignore line: []
  ignore line: [    NSUnderlyingError = "Error Domain=NSPOSIXErrorDomain Code=2 \"No such file or directory\""]
  ignore line: []
  ignore line: [}.]
  ignore line: [2026-09-27 10:02:44.810 xcodebuild[78501:4731615] [MT] IDELogStore: Failed to open log store at /Users/liuyuxuan/Library/Developer/Xcode/DerivedData/CMAKE_TRY_COMPILE-bturnyamdmpikkgsdvrxziguafxp/Logs/Launch]
  ignore line: [2026-09-27 10:02:44.811 xcodebuild[78501:4731615] [MT] IDELogStore: Failed to open Launch log store: Error Domain=NSCocoaErrorDomain Code=4 "The file “LogStoreManifest.plist” doesn’t exist." UserInfo={NSFilePath=/Users/liuyuxuan/Library/Developer/Xcode/DerivedData/CMAKE_TRY_COMPILE-bturnyamdmpikkgsdvrxziguafxp/Logs/Launch/LogStoreManifest.plist  NSURL=file:///Users/liuyuxuan/Library/Developer/Xcode/DerivedData/CMAKE_TRY_COMPILE-bturnyamdmpikkgsdvrxziguafxp/Logs/Launch/LogStoreManifest.plist  NSUnderlyingError=0x7fde820d25d0 {Error Domain=NSPOSIXErrorDomain Code=2 "No such file or directory"}}. User info: {]
  ignore line: [    NSFilePath = "/Users/liuyuxuan/Library/Developer/Xcode/DerivedData/CMAKE_TRY_COMPILE-bturnyamdmpikkgsdvrxziguafxp/Logs/Launch/LogStoreManifest.plist"]
  ignore line: []
  ignore line: [    NSURL = "file:///Users/liuyuxuan/Library/Developer/Xcode/DerivedData/CMAKE_TRY_COMPILE-bturnyamdmpikkgsdvrxziguafxp/Logs/Launch/LogStoreManifest.plist"]
  ignore line: []
  ignore line: [    NSUnderlyingError = "Error Domain=NSPOSIXErrorDomain Code=2 \"No such file or directory\""]
  ignore line: []
  ignore line: [}.]
  ignore line: [2026-09-27 10:02:44.819 xcodebuild[78501:4731615] [MT] IDELogStore: Failed to open log store at /Users/liuyuxuan/Library/Developer/Xcode/DerivedData/CMAKE_TRY_COMPILE-bturnyamdmpikkgsdvrxziguafxp/Logs/Package]
  ignore line: [2026-09-27 10:02:44.820 xcodebuild[78501:4731615] [MT] IDELogStore: Failed to open Package log store: Error Domain=NSCocoaErrorDomain Code=4 "The file “LogStoreManifest.plist” doesn’t exist." UserInfo={NSFilePath=/Users/liuyuxuan/Library/Developer/Xcode/DerivedData/CMAKE_TRY_COMPILE-bturnyamdmpikkgsdvrxziguafxp/Logs/Package/LogStoreManifest.plist  NSURL=file:///Users/liuyuxuan/Library/Developer/Xcode/DerivedData/CMAKE_TRY_COMPILE-bturnyamdmpikkgsdvrxziguafxp/Logs/Package/LogStoreManifest.plist  NSUnderlyingError=0x7fde82324630 {Error Domain=NSPOSIXErrorDomain Code=2 "No such file or directory"}}. User info: {]
  ignore line: [    NSFilePath = "/Users/liuyuxuan/Library/Developer/Xcode/DerivedData/CMAKE_TRY_COMPILE-bturnyamdmpikkgsdvrxziguafxp/Logs/Package/LogStoreManifest.plist"]
  ignore line: []
  ignore line: [    NSURL = "file:///Users/liuyuxuan/Library/Developer/Xcode/DerivedData/CMAKE_TRY_COMPILE-bturnyamdmpikkgsdvrxziguafxp/Logs/Package/LogStoreManifest.plist"]
  ignore line: []
  ignore line: [    NSUnderlyingError = "Error Domain=NSPOSIXErrorDomain Code=2 \"No such file or directory\""]
  ignore line: []
  ignore line: [}.]
  ignore line: [2026-09-27 10:02:44.861 xcodebuild[78501:4731615] [MT] IDELogStore: Failed to open log store at /Users/liuyuxuan/Library/Developer/Xcode/DerivedData/CMAKE_TRY_COMPILE-bturnyamdmpikkgsdvrxziguafxp/Logs/Test]
  ignore line: [2026-09-27 10:02:44.862 xcodebuild[78501:4731615] [MT] IDELogStore: Failed to open Test log store: Error Domain=NSCocoaErrorDomain Code=4 "The file “LogStoreManifest.plist” doesn’t exist." UserInfo={NSFilePath=/Users/liuyuxuan/Library/Developer/Xcode/DerivedData/CMAKE_TRY_COMPILE-bturnyamdmpikkgsdvrxziguafxp/Logs/Test/LogStoreManifest.plist  NSURL=file:///Users/liuyuxuan/Library/Developer/Xcode/DerivedData/CMAKE_TRY_COMPILE-bturnyamdmpikkgsdvrxziguafxp/Logs/Test/LogStoreManifest.plist  NSUnderlyingError=0x7fde81bf7280 {Error Domain=NSPOSIXErrorDomain Code=2 "No such file or directory"}}. User info: {]
  ignore line: [    NSFilePath = "/Users/liuyuxuan/Library/Developer/Xcode/DerivedData/CMAKE_TRY_COMPILE-bturnyamdmpikkgsdvrxziguafxp/Logs/Test/LogStoreManifest.plist"]
  ignore line: []
  ignore line: [    NSURL = "file:///Users/liuyuxuan/Library/Developer/Xcode/DerivedData/CMAKE_TRY_COMPILE-bturnyamdmpikkgsdvrxziguafxp/Logs/Test/LogStoreManifest.plist"]
  ignore line: []
  ignore line: [    NSUnderlyingError = "Error Domain=NSPOSIXErrorDomain Code=2 \"No such file or directory\""]
  ignore line: []
  ignore line: [}.]
  ignore line: [ComputeTargetDependencyGraph]
  ignore line: [note: Building targets in dependency order]
  ignore line: [note: Target dependency graph (1 target)]
  ignore line: [    Target 'cmTC_20520' in project 'CMAKE_TRY_COMPILE' (no dependencies)]
  ignore line: []
  ignore line: [GatherProvisioningInputs]
  ignore line: []
  ignore line: [CreateBuildDescription]
  ignore line: [Build description signature: 87890a85b828ea03fa654ae50a704db2]
  ignore line: [Build description path: /Users/liuyuxuan/Documents/KiwiEngine/build-xcode/CMakeFiles/CMakeScratch/TryCompile-yW9eEB/build/XCBuildData/87890a85b828ea03fa654ae50a704db2.xcbuilddata]
  ignore line: []
  ignore line: [CreateBuildDirectory /Users/liuyuxuan/Documents/KiwiEngine/build-xcode/CMakeFiles/CMakeScratch/TryCompile-yW9eEB/Debug]
  ignore line: [    cd /Users/liuyuxuan/Documents/KiwiEngine/build-xcode/CMakeFiles/CMakeScratch/TryCompile-yW9eEB/CMAKE_TRY_COMPILE.xcodeproj]
  ignore line: [    builtin-create-build-directory /Users/liuyuxuan/Documents/KiwiEngine/build-xcode/CMakeFiles/CMakeScratch/TryCompile-yW9eEB/Debug]
  ignore line: []
  ignore line: [ClangStatCache /Applications/Xcode.app/Contents/Developer/Toolchains/XcodeDefault.xctoolchain/usr/bin/clang-stat-cache /Applications/Xcode.app/Contents/Developer/Platforms/MacOSX.platform/Developer/SDKs/MacOSX14.2.sdk /var/folders/d_/qz91s5mx0r96yp3hzr6jhvlc0000gn/C/com.apple.DeveloperTools/15.1-15C65/Xcode/SDKStatCaches.noindex/macosx14.2-23C53-df0db8920d7ae99241a1bc0f08d2dced.sdkstatcache]
  ignore line: [    cd /Users/liuyuxuan/Documents/KiwiEngine/build-xcode/CMakeFiles/CMakeScratch/TryCompile-yW9eEB/CMAKE_TRY_COMPILE.xcodeproj]
  ignore line: [    /Applications/Xcode.app/Contents/Developer/Toolchains/XcodeDefault.xctoolchain/usr/bin/clang-stat-cache /Applications/Xcode.app/Contents/Developer/Platforms/MacOSX.platform/Developer/SDKs/MacOSX14.2.sdk -o /var/folders/d_/qz91s5mx0r96yp3hzr6jhvlc0000gn/C/com.apple.DeveloperTools/15.1-15C65/Xcode/SDKStatCaches.noindex/macosx14.2-23C53-df0db8920d7ae99241a1bc0f08d2dced.sdkstatcache]
  ignore line: []
  ignore line: [CreateBuildDirectory /Users/liuyuxuan/Documents/KiwiEngine/build-xcode/CMakeFiles/CMakeScratch/TryCompile-yW9eEB/build]
  ignore line: [    cd /Users/liuyuxuan/Documents/KiwiEngine/build-xcode/CMakeFiles/CMakeScratch/TryCompile-yW9eEB/CMAKE_TRY_COMPILE.xcodeproj]
  ignore line: [    builtin-create-build-directory /Users/liuyuxuan/Documents/KiwiEngine/build-xcode/CMakeFiles/CMakeScratch/TryCompile-yW9eEB/build]
  ignore line: []
  ignore line: [CreateBuildDirectory /Users/liuyuxuan/Documents/KiwiEngine/build-xcode/CMakeFiles/CMakeScratch/TryCompile-yW9eEB/build/EagerLinkingTBDs/Debug]
  ignore line: [    cd /Users/liuyuxuan/Documents/KiwiEngine/build-xcode/CMakeFiles/CMakeScratch/TryCompile-yW9eEB/CMAKE_TRY_COMPILE.xcodeproj]
  ignore line: [    builtin-create-build-directory /Users/liuyuxuan/Documents/KiwiEngine/build-xcode/CMakeFiles/CMakeScratch/TryCompile-yW9eEB/build/EagerLinkingTBDs/Debug]
  ignore line: []
  ignore line: [WriteAuxiliaryFile /Users/liuyuxuan/Documents/KiwiEngine/build-xcode/CMakeFiles/CMakeScratch/TryCompile-yW9eEB/build/cmTC_20520.build/Debug/Objects-normal/x86_64/cmTC_20520.LinkFileList (in target 'cmTC_20520' from project 'CMAKE_TRY_COMPILE')]
  ignore line: [    cd /Users/liuyuxuan/Documents/KiwiEngine/build-xcode/CMakeFiles/CMakeScratch/TryCompile-yW9eEB]
  ignore line: [    write-file /Users/liuyuxuan/Documents/KiwiEngine/build-xcode/CMakeFiles/CMakeScratch/TryCompile-yW9eEB/build/cmTC_20520.build/Debug/Objects-normal/x86_64/cmTC_20520.LinkFileList]
  ignore line: []
  ignore line: [CompileC /Users/liuyuxuan/Documents/KiwiEngine/build-xcode/CMakeFiles/CMakeScratch/TryCompile-yW9eEB/build/cmTC_20520.build/Debug/Objects-normal/x86_64/CMakeCXXCompilerABI.o /usr/local/Cellar/cmake/3.25.1/share/cmake/Modules/CMakeCXXCompilerABI.cpp normal x86_64 c++ com.apple.compilers.llvm.clang.1_0.compiler (in target 'cmTC_20520' from project 'CMAKE_TRY_COMPILE')]
  ignore line: [    cd /Users/liuyuxuan/Documents/KiwiEngine/build-xcode/CMakeFiles/CMakeScratch/TryCompile-yW9eEB]
  ignore line: [    /Applications/Xcode.app/Contents/Developer/Toolchains/XcodeDefault.xctoolchain/usr/bin/clang -x c++ -ivfsstatcache /var/folders/d_/qz91s5mx0r96yp3hzr6jhvlc0000gn/C/com.apple.DeveloperTools/15.1-15C65/Xcode/SDKStatCaches.noindex/macosx14.2-23C53-df0db8920d7ae99241a1bc0f08d2dced.sdkstatcache -target x86_64-apple-macos14.0 -fmessage-length\=0 -fdiagnostics-show-note-include-stack -fmacro-backtrace-limit\=0 -fno-color-diagnostics -Wno-trigraphs -fpascal-strings -O0 -Wno-missing-field-initializers -Wno-missing-prototypes -Wno-return-type -Wno-non-virtual-dtor -Wno-overloaded-virtual -Wno-exit-time-destructors -Wno-missing-braces -Wparentheses -Wswitch -Wno-unused-function -Wno-unused-label -Wno-unused-parameter -Wno-unused-variable -Wunused-value -Wno-empty-body -Wno-uninitialized -Wno-unknown-pragmas -Wno-shadow -Wno-four-char-constants -Wno-conversion -Wno-constant-conversion -Wno-int-conversion -Wno-bool-conversion -Wno-enum-conversion -Wno-float-conversion -Wno-non-literal-null-conversion -Wno-objc-literal-conversion -Wshorten-64-to-32 -Wno-newline-eof -Wno-c++11-extensions -Wno-implicit-fallthrough -DCMAKE_INTDIR\=\"Debug\" -isysroot /Applications/Xcode.app/Contents/Developer/Platforms/MacOSX.platform/Developer/SDKs/MacOSX14.2.sdk -fasm-blocks -fstrict-aliasing -Wdeprecated-declarations -Winvalid-offsetof -g -Wno-sign-conversion -Wno-infinite-recursion -Wno-move -Wno-comma -Wno-block-capture-autoreleasing -Wno-strict-prototypes -Wno-range-loop-analysis -Wno-semicolon-before-method-body -I/Users/liuyuxuan/Documents/KiwiEngine/build-xcode/CMakeFiles/CMakeScratch/TryCompile-yW9eEB/Debug/include -I/Users/liuyuxuan/Documents/KiwiEngine/build-xcode/CMakeFiles/CMakeScratch/TryCompile-yW9eEB/build/cmTC_20520.build/Debug/DerivedSources-normal/x86_64 -I/Users/liuyuxuan/Documents/KiwiEngine/build-xcode/CMakeFiles/CMakeScratch/TryCompile-yW9eEB/build/cmTC_20520.build/Debug/DerivedSources/x86_64 -I/Users/liuyuxuan/Documents/KiwiEngine/build-xcode/CMakeFiles/CMakeScratch/TryCompile-yW9eEB/build/cmTC_20520.build/Debug/DerivedSources -F/Users/liuyuxuan/Documents/KiwiEngine/build-xcode/CMakeFiles/CMakeScratch/TryCompile-yW9eEB/Debug -v -Wl -v -MMD -MT dependencies -MF /Users/liuyuxuan/Documents/KiwiEngine/build-xcode/CMakeFiles/CMakeScratch/TryCompile-yW9eEB/build/cmTC_20520.build/Debug/Objects-normal/x86_64/CMakeCXXCompilerABI.d --serialize-diagnostics /Users/liuyuxuan/Documents/KiwiEngine/build-xcode/CMakeFiles/CMakeScratch/TryCompile-yW9eEB/build/cmTC_20520.build/Debug/Objects-normal/x86_64/CMakeCXXCompilerABI.dia -c /usr/local/Cellar/cmake/3.25.1/share/cmake/Modules/CMakeCXXCompilerABI.cpp -o /Users/liuyuxuan/Documents/KiwiEngine/build-xcode/CMakeFiles/CMakeScratch/TryCompile-yW9eEB/build/cmTC_20520.build/Debug/Objects-normal/x86_64/CMakeCXXCompilerABI.o]
  ignore line: [Apple clang version 15.0.0 (clang-1500.1.0.2.5)]
  ignore line: [Target: x86_64-apple-macos14.0]
  ignore line: [Thread model: posix]
  ignore line: [InstalledDir: /Applications/Xcode.app/Contents/Developer/Toolchains/XcodeDefault.xctoolchain/usr/bin]
  ignore line: [clang: warning: -Wl -v: 'linker' input unused [-Wunused-command-line-argument]]
  ignore line: [ "/Applications/Xcode.app/Contents/Developer/Toolchains/XcodeDefault.xctoolchain/usr/bin/clang" -cc1 -triple x86_64-apple-macosx14.0.0 -Wundef-prefix=TARGET_OS_ -Wdeprecated-objc-isa-usage -Werror=deprecated-objc-isa-usage -Werror=implicit-function-declaration -emit-obj -mrelax-all --mrelax-relocations -disable-free -clear-ast-before-backend -disable-llvm-verifier -discard-value-names -main-file-name CMakeCXXCompilerABI.cpp -mrelocation-model pic -pic-level 2 -mframe-pointer=all -fno-strict-return -ffp-contract=on -fno-rounding-math -funwind-tables=2 -target-sdk-version=14.2 -fvisibility-inlines-hidden-static-local-var -target-cpu penryn -tune-cpu generic -mllvm -treat-scalable-fixed-error-as-warning -debug-info-kind=standalone -dwarf-version=4 -debugger-tuning=lldb -target-linker-version 1022.1 -v -fcoverage-compilation-dir=/Users/liuyuxuan/Documents/KiwiEngine/build-xcode/CMakeFiles/CMakeScratch/TryCompile-yW9eEB -resource-dir /Applications/Xcode.app/Contents/Developer/Toolchains/XcodeDefault.xctoolchain/usr/lib/clang/15.0.0 -dependency-file /Users/liuyuxuan/Documents/KiwiEngine/build-xcode/CMakeFiles/CMakeScratch/TryCompile-yW9eEB/build/cmTC_20520.build/Debug/Objects-normal/x86_64/CMakeCXXCompilerABI.d -skip-unused-modulemap-deps -MT dependencies -ivfsstatcache /var/folders/d_/qz91s5mx0r96yp3hzr6jhvlc0000gn/C/com.apple.DeveloperTools/15.1-15C65/Xcode/SDKStatCaches.noindex/macosx14.2-23C53-df0db8920d7ae99241a1bc0f08d2dced.sdkstatcache -isysroot /Applications/Xcode.app/Contents/Developer/Platforms/MacOSX.platform/Developer/SDKs/MacOSX14.2.sdk -D "CMAKE_INTDIR=\"Debug\"" -I /Users/liuyuxuan/Documents/KiwiEngine/build-xcode/CMakeFiles/CMakeScratch/TryCompile-yW9eEB/Debug/include -I /Users/liuyuxuan/Documents/KiwiEngine/build-xcode/CMakeFiles/CMakeScratch/TryCompile-yW9eEB/build/cmTC_20520.build/Debug/DerivedSources-normal/x86_64 -I /Users/liuyuxuan/Documents/KiwiEngine/build-xcode/CMakeFiles/CMakeScratch/TryCompile-yW9eEB/build/cmTC_20520.build/Debug/DerivedSources/x86_64 -I /Users/liuyuxuan/Documents/KiwiEngine/build-xcode/CMakeFiles/CMakeScratch/TryCompile-yW9eEB/build/cmTC_20520.build/Debug/DerivedSources -F/Users/liuyuxuan/Documents/KiwiEngine/build-xcode/CMakeFiles/CMakeScratch/TryCompile-yW9eEB/Debug -internal-isystem /Applications/Xcode.app/Contents/Developer/Platforms/MacOSX.platform/Developer/SDKs/MacOSX14.2.sdk/usr/include/c++/v1 -internal-isystem /Applications/Xcode.app/Contents/Developer/Platforms/MacOSX.platform/Developer/SDKs/MacOSX14.2.sdk/usr/local/include -internal-isystem /Applications/Xcode.app/Contents/Developer/Toolchains/XcodeDefault.xctoolchain/usr/lib/clang/15.0.0/include -internal-externc-isystem /Applications/Xcode.app/Contents/Developer/Platforms/MacOSX.platform/Developer/SDKs/MacOSX14.2.sdk/usr/include -internal-externc-isystem /Applications/Xcode.app/Contents/Developer/Toolchains/XcodeDefault.xctoolchain/usr/include -O0 -Wno-trigraphs -Wno-missing-field-initializers -Wno-missing-prototypes -Wno-return-type -Wno-non-virtual-dtor -Wno-overloaded-virtual -Wno-exit-time-destructors -Wno-missing-braces -Wparentheses -Wswitch -Wno-unused-function -Wno-unused-label -Wno-unused-parameter -Wno-unused-variable -Wunused-value -Wno-empty-body -Wno-uninitialized -Wno-unknown-pragmas -Wno-shadow -Wno-four-char-constants -Wno-conversion -Wno-constant-conversion -Wno-int-conversion -Wno-bool-conversion -Wno-enum-conversion -Wno-float-conversion -Wno-non-literal-null-conversion -Wno-objc-literal-conversion -Wshorten-64-to-32 -Wno-newline-eof -Wno-c++11-extensions -Wno-implicit-fallthrough -Wdeprecated-declarations -Winvalid-offsetof -Wno-sign-conversion -Wno-infinite-recursion -Wno-move -Wno-comma -Wno-block-capture-autoreleasing -Wno-strict-prototypes -Wno-range-loop-analysis -Wno-semicolon-before-method-body -Wno-reorder-init-list -Wno-implicit-int-float-conversion -Wno-c99-designator -Wno-final-dtor-non-final-class -Wno-extra-semi-stmt -Wno-misleading-indentation -Wno-quoted-include-in-framework-header -Wno-implicit-fallthrough -Wno-enum-enum-conversion -Wno-enum-float-conversion -Wno-elaborated-enum-base -Wno-reserved-identifier -Wno-gnu-folding-constant -fdeprecated-macro -fdebug-compilation-dir=/Users/liuyuxuan/Documents/KiwiEngine/build-xcode/CMakeFiles/CMakeScratch/TryCompile-yW9eEB -ferror-limit 19 -fmacro-backtrace-limit 0 -stack-protector 1 -fstack-check -mdarwin-stkchk-strong-link -fblocks -fencode-extended-block-signature -fregister-global-dtors-with-atexit -fgnuc-version=4.2.1 -fno-cxx-modules -fcxx-exceptions -fexceptions -fpascal-strings -fmax-type-align=16 -fcommon -fdiagnostics-show-note-include-stack -fasm-blocks -serialize-diagnostic-file /Users/liuyuxuan/Documents/KiwiEngine/build-xcode/CMakeFiles/CMakeScratch/TryCompile-yW9eEB/build/cmTC_20520.build/Debug/Objects-normal/x86_64/CMakeCXXCompilerABI.dia -clang-vendor-feature=+disableNonDependentMemberExprInCurrentInstantiation -fno-odr-hash-protocols -clang-vendor-feature=+enableAggressiveVLAFolding -clang-vendor-feature=+revert09abecef7bbf -clang-vendor-feature=+thisNoAlignAttr -clang-vendor-feature=+thisNoNullAttr -mllvm -disable-aligned-alloc-awareness=1 -D__GCC_HAVE_DWARF2_CFI_ASM=1 -o /Users/liuyuxuan/Documents/KiwiEngine/build-xcode/CMakeFiles/CMakeScratch/TryCompile-yW9eEB/build/cmTC_20520.build/Debug/Objects-normal/x86_64/CMakeCXXCompilerABI.o -x c++ /usr/local/Cellar/cmake/3.25.1/share/cmake/Modules/CMakeCXXCompilerABI.cpp]
  ignore line: [clang -cc1 version 15.0.0 (clang-1500.1.0.2.5) default target x86_64-apple-darwin25.5.0]
  ignore line: [ignoring nonexistent directory "/Users/liuyuxuan/Documents/KiwiEngine/build-xcode/CMakeFiles/CMakeScratch/TryCompile-yW9eEB/Debug/include"]
  ignore line: [ignoring nonexistent directory "/Users/liuyuxuan/Documents/KiwiEngine/build-xcode/CMakeFiles/CMakeScratch/TryCompile-yW9eEB/build/cmTC_20520.build/Debug/DerivedSources-normal/x86_64"]
  ignore line: [ignoring nonexistent directory "/Users/liuyuxuan/Documents/KiwiEngine/build-xcode/CMakeFiles/CMakeScratch/TryCompile-yW9eEB/build/cmTC_20520.build/Debug/DerivedSources/x86_64"]
  ignore line: [ignoring nonexistent directory "/Users/liuyuxuan/Documents/KiwiEngine/build-xcode/CMakeFiles/CMakeScratch/TryCompile-yW9eEB/build/cmTC_20520.build/Debug/DerivedSources"]
  ignore line: [ignoring nonexistent directory "/Applications/Xcode.app/Contents/Developer/Platforms/MacOSX.platform/Developer/SDKs/MacOSX14.2.sdk/usr/local/include"]
  ignore line: [ignoring nonexistent directory "/Applications/Xcode.app/Contents/Developer/Platforms/MacOSX.platform/Developer/SDKs/MacOSX14.2.sdk/Library/Frameworks"]
  ignore line: [#include "..." search starts here:]
  ignore line: [#include <...> search starts here:]
  ignore line: [ /Users/liuyuxuan/Documents/KiwiEngine/build-xcode/CMakeFiles/CMakeScratch/TryCompile-yW9eEB/Debug (framework directory)]
  ignore line: [ /Applications/Xcode.app/Contents/Developer/Platforms/MacOSX.platform/Developer/SDKs/MacOSX14.2.sdk/usr/include/c++/v1]
  ignore line: [ /Applications/Xcode.app/Contents/Developer/Toolchains/XcodeDefault.xctoolchain/usr/lib/clang/15.0.0/include]
  ignore line: [ /Applications/Xcode.app/Contents/Developer/Platforms/MacOSX.platform/Developer/SDKs/MacOSX14.2.sdk/usr/include]
  ignore line: [ /Applications/Xcode.app/Contents/Developer/Toolchains/XcodeDefault.xctoolchain/usr/include]
  ignore line: [ /Applications/Xcode.app/Contents/Developer/Platforms/MacOSX.platform/Developer/SDKs/MacOSX14.2.sdk/System/Library/Frameworks (framework directory)]
  ignore line: [End of search list.]
  ignore line: []
  ignore line: [Ld /Users/liuyuxuan/Documents/KiwiEngine/build-xcode/CMakeFiles/CMakeScratch/TryCompile-yW9eEB/Debug/cmTC_20520 normal (in target 'cmTC_20520' from project 'CMAKE_TRY_COMPILE')]
  ignore line: [    cd /Users/liuyuxuan/Documents/KiwiEngine/build-xcode/CMakeFiles/CMakeScratch/TryCompile-yW9eEB]
  ignore line: [    /Applications/Xcode.app/Contents/Developer/Toolchains/XcodeDefault.xctoolchain/usr/bin/clang++ -Xlinker -reproducible -target x86_64-apple-macos14.0 -isysroot /Applications/Xcode.app/Contents/Developer/Platforms/MacOSX.platform/Developer/SDKs/MacOSX14.2.sdk -O0 -L/Users/liuyuxuan/Documents/KiwiEngine/build-xcode/CMakeFiles/CMakeScratch/TryCompile-yW9eEB/build/EagerLinkingTBDs/Debug -L/Users/liuyuxuan/Documents/KiwiEngine/build-xcode/CMakeFiles/CMakeScratch/TryCompile-yW9eEB/Debug -F/Users/liuyuxuan/Documents/KiwiEngine/build-xcode/CMakeFiles/CMakeScratch/TryCompile-yW9eEB/build/EagerLinkingTBDs/Debug -F/Users/liuyuxuan/Documents/KiwiEngine/build-xcode/CMakeFiles/CMakeScratch/TryCompile-yW9eEB/Debug -filelist /Users/liuyuxuan/Documents/KiwiEngine/build-xcode/CMakeFiles/CMakeScratch/TryCompile-yW9eEB/build/cmTC_20520.build/Debug/Objects-normal/x86_64/cmTC_20520.LinkFileList -Xlinker -object_path_lto -Xlinker /Users/liuyuxuan/Documents/KiwiEngine/build-xcode/CMakeFiles/CMakeScratch/TryCompile-yW9eEB/build/cmTC_20520.build/Debug/Objects-normal/x86_64/cmTC_20520_lto.o -Xlinker -no_deduplicate -v -Wl -v -Wl -search_paths_first -Wl -headerpad_max_install_names -Xlinker -dependency_info -Xlinker /Users/liuyuxuan/Documents/KiwiEngine/build-xcode/CMakeFiles/CMakeScratch/TryCompile-yW9eEB/build/cmTC_20520.build/Debug/Objects-normal/x86_64/cmTC_20520_dependency_info.dat -o /Users/liuyuxuan/Documents/KiwiEngine/build-xcode/CMakeFiles/CMakeScratch/TryCompile-yW9eEB/Debug/cmTC_20520]
  ignore line: [Apple clang version 15.0.0 (clang-1500.1.0.2.5)]
  ignore line: [Target: x86_64-apple-macos14.0]
  ignore line: [Thread model: posix]
  ignore line: [InstalledDir: /Applications/Xcode.app/Contents/Developer/Toolchains/XcodeDefault.xctoolchain/usr/bin]
  reduced line: [ "/Applications/Xcode.app/Contents/Developer/Toolchains/XcodeDefault.xctoolchain/usr/bin/ld" -demangle -lto_library /Applications/Xcode.app/Contents/Developer/Toolchains/XcodeDefault.xctoolchain/usr/lib/libLTO.dylib -no_deduplicate -dynamic -arch x86_64 -platform_version macos 14.0.0 14.2 -syslibroot /Applications/Xcode.app/Contents/Developer/Platforms/MacOSX.platform/Developer/SDKs/MacOSX14.2.sdk -O0 -o /Users/liuyuxuan/Documents/KiwiEngine/build-xcode/CMakeFiles/CMakeScratch/TryCompile-yW9eEB/Debug/cmTC_20520 -L/Users/liuyuxuan/Documents/KiwiEngine/build-xcode/CMakeFiles/CMakeScratch/TryCompile-yW9eEB/build/EagerLinkingTBDs/Debug -L/Users/liuyuxuan/Documents/KiwiEngine/build-xcode/CMakeFiles/CMakeScratch/TryCompile-yW9eEB/Debug -reproducible -filelist /Users/liuyuxuan/Documents/KiwiEngine/build-xcode/CMakeFiles/CMakeScratch/TryCompile-yW9eEB/build/cmTC_20520.build/Debug/Objects-normal/x86_64/cmTC_20520.LinkFileList -object_path_lto /Users/liuyuxuan/Documents/KiwiEngine/build-xcode/CMakeFiles/CMakeScratch/TryCompile-yW9eEB/build/cmTC_20520.build/Debug/Objects-normal/x86_64/cmTC_20520_lto.o -no_deduplicate -v -search_paths_first -headerpad_max_install_names -dependency_info /Users/liuyuxuan/Documents/KiwiEngine/build-xcode/CMakeFiles/CMakeScratch/TryCompile-yW9eEB/build/cmTC_20520.build/Debug/Objects-normal/x86_64/cmTC_20520_dependency_info.dat -lc++ -lSystem /Applications/Xcode.app/Contents/Developer/Toolchains/XcodeDefault.xctoolchain/usr/lib/clang/15.0.0/lib/darwin/libclang_rt.osx.a -F/Users/liuyuxuan/Documents/KiwiEngine/build-xcode/CMakeFiles/CMakeScratch/TryCompile-yW9eEB/build/EagerLinkingTBDs/Debug -F/Users/liuyuxuan/Documents/KiwiEngine/build-xcode/CMakeFiles/CMakeScratch/TryCompile-yW9eEB/Debug]
            to: [ "/Applications/Xcode.app/Contents/Developer/Toolchains/XcodeDefault.xctoolchain/usr/bin/ld" -demangle -lto_library /Applications/Xcode.app/Contents/Developer/Toolchains/XcodeDefault.xctoolchain/usr/lib/libLTO.dylib -no_deduplicate -dynamic -arch x86_64 -platform_version macos 14.0.0 14.2 -syslibroot /Applications/Xcode.app/Contents/Developer/Platforms/MacOSX.platform/Developer/SDKs/MacOSX14.2.sdk -O0 -o /Users/liuyuxuan/Documents/KiwiEngine/build-xcode/CMakeFiles/CMakeScratch/TryCompile-yW9eEB/Debug/cmTC_20520 -L/Users/liuyuxuan/Documents/KiwiEngine/build-xcode/CMakeFiles/CMakeScratch/TryCompile-yW9eEB/Debug -reproducible -filelist /Users/liuyuxuan/Documents/KiwiEngine/build-xcode/CMakeFiles/CMakeScratch/TryCompile-yW9eEB/build/cmTC_20520.build/Debug/Objects-normal/x86_64/cmTC_20520.LinkFileList -object_path_lto /Users/liuyuxuan/Documents/KiwiEngine/build-xcode/CMakeFiles/CMakeScratch/TryCompile-yW9eEB/build/cmTC_20520.build/Debug/Objects-normal/x86_64/cmTC_20520_lto.o -no_deduplicate -v -search_paths_first -headerpad_max_install_names -dependency_info /Users/liuyuxuan/Documents/KiwiEngine/build-xcode/CMakeFiles/CMakeScratch/TryCompile-yW9eEB/build/cmTC_20520.build/Debug/Objects-normal/x86_64/cmTC_20520_dependency_info.dat -lc++ -lSystem /Applications/Xcode.app/Contents/Developer/Toolchains/XcodeDefault.xctoolchain/usr/lib/clang/15.0.0/lib/darwin/libclang_rt.osx.a -F/Users/liuyuxuan/Documents/KiwiEngine/build-xcode/CMakeFiles/CMakeScratch/TryCompile-yW9eEB/Debug]
  link line: [ "/Applications/Xcode.app/Contents/Developer/Toolchains/XcodeDefault.xctoolchain/usr/bin/ld" -demangle -lto_library /Applications/Xcode.app/Contents/Developer/Toolchains/XcodeDefault.xctoolchain/usr/lib/libLTO.dylib -no_deduplicate -dynamic -arch x86_64 -platform_version macos 14.0.0 14.2 -syslibroot /Applications/Xcode.app/Contents/Developer/Platforms/MacOSX.platform/Developer/SDKs/MacOSX14.2.sdk -O0 -o /Users/liuyuxuan/Documents/KiwiEngine/build-xcode/CMakeFiles/CMakeScratch/TryCompile-yW9eEB/Debug/cmTC_20520 -L/Users/liuyuxuan/Documents/KiwiEngine/build-xcode/CMakeFiles/CMakeScratch/TryCompile-yW9eEB/Debug -reproducible -filelist /Users/liuyuxuan/Documents/KiwiEngine/build-xcode/CMakeFiles/CMakeScratch/TryCompile-yW9eEB/build/cmTC_20520.build/Debug/Objects-normal/x86_64/cmTC_20520.LinkFileList -object_path_lto /Users/liuyuxuan/Documents/KiwiEngine/build-xcode/CMakeFiles/CMakeScratch/TryCompile-yW9eEB/build/cmTC_20520.build/Debug/Objects-normal/x86_64/cmTC_20520_lto.o -no_deduplicate -v -search_paths_first -headerpad_max_install_names -dependency_info /Users/liuyuxuan/Documents/KiwiEngine/build-xcode/CMakeFiles/CMakeScratch/TryCompile-yW9eEB/build/cmTC_20520.build/Debug/Objects-normal/x86_64/cmTC_20520_dependency_info.dat -lc++ -lSystem /Applications/Xcode.app/Contents/Developer/Toolchains/XcodeDefault.xctoolchain/usr/lib/clang/15.0.0/lib/darwin/libclang_rt.osx.a -F/Users/liuyuxuan/Documents/KiwiEngine/build-xcode/CMakeFiles/CMakeScratch/TryCompile-yW9eEB/Debug]
    arg [/Applications/Xcode.app/Contents/Developer/Toolchains/XcodeDefault.xctoolchain/usr/bin/ld] ==> ignore
    arg [-demangle] ==> ignore
    arg [-lto_library] ==> ignore, skip following value
    arg [/Applications/Xcode.app/Contents/Developer/Toolchains/XcodeDefault.xctoolchain/usr/lib/libLTO.dylib] ==> skip value of -lto_library
    arg [-no_deduplicate] ==> ignore
    arg [-dynamic] ==> ignore
    arg [-arch] ==> ignore
    arg [x86_64] ==> ignore
    arg [-platform_version] ==> ignore
    arg [macos] ==> ignore
    arg [14.0.0] ==> ignore
    arg [14.2] ==> ignore
    arg [-syslibroot] ==> ignore
    arg [/Applications/Xcode.app/Contents/Developer/Platforms/MacOSX.platform/Developer/SDKs/MacOSX14.2.sdk] ==> ignore
    arg [-O0] ==> ignore
    arg [-o] ==> ignore
    arg [/Users/liuyuxuan/Documents/KiwiEngine/build-xcode/CMakeFiles/CMakeScratch/TryCompile-yW9eEB/Debug/cmTC_20520] ==> ignore
    arg [-L/Users/liuyuxuan/Documents/KiwiEngine/build-xcode/CMakeFiles/CMakeScratch/TryCompile-yW9eEB/Debug] ==> dir [/Users/liuyuxuan/Documents/KiwiEngine/build-xcode/CMakeFiles/CMakeScratch/TryCompile-yW9eEB/Debug]
    arg [-reproducible] ==> ignore
    arg [-filelist] ==> ignore
    arg [/Users/liuyuxuan/Documents/KiwiEngine/build-xcode/CMakeFiles/CMakeScratch/TryCompile-yW9eEB/build/cmTC_20520.build/Debug/Objects-normal/x86_64/cmTC_20520.LinkFileList] ==> ignore
    arg [-object_path_lto] ==> ignore
    arg [/Users/liuyuxuan/Documents/KiwiEngine/build-xcode/CMakeFiles/CMakeScratch/TryCompile-yW9eEB/build/cmTC_20520.build/Debug/Objects-normal/x86_64/cmTC_20520_lto.o] ==> obj [/Users/liuyuxuan/Documents/KiwiEngine/build-xcode/CMakeFiles/CMakeScratch/TryCompile-yW9eEB/build/cmTC_20520.build/Debug/Objects-normal/x86_64/cmTC_20520_lto.o]
    arg [-no_deduplicate] ==> ignore
    arg [-v] ==> ignore
    arg [-search_paths_first] ==> ignore
    arg [-headerpad_max_install_names] ==> ignore
    arg [-dependency_info] ==> ignore
    arg [/Users/liuyuxuan/Documents/KiwiEngine/build-xcode/CMakeFiles/CMakeScratch/TryCompile-yW9eEB/build/cmTC_20520.build/Debug/Objects-normal/x86_64/cmTC_20520_dependency_info.dat] ==> ignore
    arg [-lc++] ==> lib [c++]
    arg [-lSystem] ==> lib [System]
    arg [/Applications/Xcode.app/Contents/Developer/Toolchains/XcodeDefault.xctoolchain/usr/lib/clang/15.0.0/lib/darwin/libclang_rt.osx.a] ==> lib [/Applications/Xcode.app/Contents/Developer/Toolchains/XcodeDefault.xctoolchain/usr/lib/clang/15.0.0/lib/darwin/libclang_rt.osx.a]
    arg [-F/Users/liuyuxuan/Documents/KiwiEngine/build-xcode/CMakeFiles/CMakeScratch/TryCompile-yW9eEB/Debug] ==> ignore
  Library search paths: [;/Users/liuyuxuan/Documents/KiwiEngine/build-xcode/CMakeFiles/CMakeScratch/TryCompile-yW9eEB/build/EagerLinkingTBDs/Debug;/Users/liuyuxuan/Documents/KiwiEngine/build-xcode/CMakeFiles/CMakeScratch/TryCompile-yW9eEB/Debug]
  Framework search paths: [;/Users/liuyuxuan/Documents/KiwiEngine/build-xcode/CMakeFiles/CMakeScratch/TryCompile-yW9eEB/build/EagerLinkingTBDs/Debug;/Users/liuyuxuan/Documents/KiwiEngine/build-xcode/CMakeFiles/CMakeScratch/TryCompile-yW9eEB/Debug]
  remove lib [System]
  remove lib [/Applications/Xcode.app/Contents/Developer/Toolchains/XcodeDefault.xctoolchain/usr/lib/clang/15.0.0/lib/darwin/libclang_rt.osx.a]
  collapse library dir [/Users/liuyuxuan/Documents/KiwiEngine/build-xcode/CMakeFiles/CMakeScratch/TryCompile-yW9eEB/Debug] ==> [/Users/liuyuxuan/Documents/KiwiEngine/build-xcode/CMakeFiles/CMakeScratch/TryCompile-yW9eEB/Debug], skipping non-system directory
  collapse library dir [/Users/liuyuxuan/Documents/KiwiEngine/build-xcode/CMakeFiles/CMakeScratch/TryCompile-yW9eEB/build/EagerLinkingTBDs/Debug] ==> [/Users/liuyuxuan/Documents/KiwiEngine/build-xcode/CMakeFiles/CMakeScratch/TryCompile-yW9eEB/build/EagerLinkingTBDs/Debug], skipping non-system directory
  collapse library dir [/Users/liuyuxuan/Documents/KiwiEngine/build-xcode/CMakeFiles/CMakeScratch/TryCompile-yW9eEB/Debug] ==> [/Users/liuyuxuan/Documents/KiwiEngine/build-xcode/CMakeFiles/CMakeScratch/TryCompile-yW9eEB/Debug], skipping non-system directory
  collapse framework dir [/Users/liuyuxuan/Documents/KiwiEngine/build-xcode/CMakeFiles/CMakeScratch/TryCompile-yW9eEB/build/EagerLinkingTBDs/Debug] ==> [/Users/liuyuxuan/Documents/KiwiEngine/build-xcode/CMakeFiles/CMakeScratch/TryCompile-yW9eEB/build/EagerLinkingTBDs/Debug], skipping non-system directory
  collapse framework dir [/Users/liuyuxuan/Documents/KiwiEngine/build-xcode/CMakeFiles/CMakeScratch/TryCompile-yW9eEB/Debug] ==> [/Users/liuyuxuan/Documents/KiwiEngine/build-xcode/CMakeFiles/CMakeScratch/TryCompile-yW9eEB/Debug], skipping non-system directory
  implicit libs: [c++]
  implicit objs: [/Users/liuyuxuan/Documents/KiwiEngine/build-xcode/CMakeFiles/CMakeScratch/TryCompile-yW9eEB/build/cmTC_20520.build/Debug/Objects-normal/x86_64/cmTC_20520_lto.o]
  implicit dirs: []
  implicit fwks: []


Compiling the OBJCXX compiler identification source file "CMakeOBJCXXCompilerId.mm" succeeded.
Compiler:  
Build flags: 
Id flags:  

The output was:
0
objc[78559]: Class _TtC12DVTDownloads14DownloadsAsset is implemented in both /Applications/Xcode.app/Contents/SharedFrameworks/DVTDownloads.framework/Versions/A/DVTDownloads (0x104326a18) and /Library/Developer/PrivateFrameworks/DVTDownloads.framework/Versions/A/DVTDownloads (0x10d69a880). This may cause spurious casting failures and mysterious crashes. One of the duplicates must be removed or renamed.
objc[78559]: Class _TtC12DVTDownloads16CryptexDiskImage is implemented in both /Applications/Xcode.app/Contents/SharedFrameworks/DVTDownloads.framework/Versions/A/DVTDownloads (0x104325db8) and /Library/Developer/PrivateFrameworks/DVTDownloads.framework/Versions/A/DVTDownloads (0x10d69ad68). This may cause spurious casting failures and mysterious crashes. One of the duplicates must be removed or renamed.
objc[78559]: Class _TtC12DVTDownloads15CommandLineTool is implemented in both /Applications/Xcode.app/Contents/SharedFrameworks/DVTDownloads.framework/Versions/A/DVTDownloads (0x1043268c0) and /Library/Developer/PrivateFrameworks/DVTDownloads.framework/Versions/A/DVTDownloads (0x10d69bd30). This may cause spurious casting failures and mysterious crashes. One of the duplicates must be removed or renamed.
objc[78559]: Class _TtC12DVTDownloads14DiskImageTools is implemented in both /Applications/Xcode.app/Contents/SharedFrameworks/DVTDownloads.framework/Versions/A/DVTDownloads (0x1043266f0) and /Library/Developer/PrivateFrameworks/DVTDownloads.framework/Versions/A/DVTDownloads (0x10d69bde0). This may cause spurious casting failures and mysterious crashes. One of the duplicates must be removed or renamed.
objc[78559]: Class _TtC12DVTDownloads23SimulatorRuntimeCryptex is implemented in both /Applications/Xcode.app/Contents/SharedFrameworks/DVTDownloads.framework/Versions/A/DVTDownloads (0x104326ce0) and /Library/Developer/PrivateFrameworks/DVTDownloads.framework/Versions/A/DVTDownloads (0x10d69c560). This may cause spurious casting failures and mysterious crashes. One of the duplicates must be removed or renamed.
Command line invocation:
    /Applications/Xcode.app/Contents/Developer/usr/bin/xcodebuild

User defaults from command line:
    IDEPackageSupportUseBuiltinSCM = YES

2026-09-27 10:02:48.790 xcodebuild[78559:4731784] [MT] IDELogStore: Failed to open log store at /Users/liuyuxuan/Library/Developer/Xcode/DerivedData/CompilerIdOBJCXX-gnqafsnfbmhdzqfyburfznxnbhiu/Logs/Build
2026-09-27 10:02:48.800 xcodebuild[78559:4731784] [MT] IDELogStore: Failed to open Build log store: Error Domain=NSCocoaErrorDomain Code=4 "The file “LogStoreManifest.plist” doesn’t exist." UserInfo={NSFilePath=/Users/liuyuxuan/Library/Developer/Xcode/DerivedData/CompilerIdOBJCXX-gnqafsnfbmhdzqfyburfznxnbhiu/Logs/Build/LogStoreManifest.plist, NSURL=file:///Users/liuyuxuan/Library/Developer/Xcode/DerivedData/CompilerIdOBJCXX-gnqafsnfbmhdzqfyburfznxnbhiu/Logs/Build/LogStoreManifest.plist, NSUnderlyingError=0x7fce563da850 {Error Domain=NSPOSIXErrorDomain Code=2 "No such file or directory"}}. User info: {
    NSFilePath = "/Users/liuyuxuan/Library/Developer/Xcode/DerivedData/CompilerIdOBJCXX-gnqafsnfbmhdzqfyburfznxnbhiu/Logs/Build/LogStoreManifest.plist";
    NSURL = "file:///Users/liuyuxuan/Library/Developer/Xcode/DerivedData/CompilerIdOBJCXX-gnqafsnfbmhdzqfyburfznxnbhiu/Logs/Build/LogStoreManifest.plist";
    NSUnderlyingError = "Error Domain=NSPOSIXErrorDomain Code=2 \"No such file or directory\"";
}.
2026-09-27 10:02:49.326 xcodebuild[78559:4731784] [MT] IDELogStore: Failed to open log store at /Users/liuyuxuan/Library/Developer/Xcode/DerivedData/CompilerIdOBJCXX-gnqafsnfbmhdzqfyburfznxnbhiu/Logs/Localization
2026-09-27 10:02:49.327 xcodebuild[78559:4731784] [MT] IDELogStore: Failed to open Localization log store: Error Domain=NSCocoaErrorDomain Code=4 "The file “LogStoreManifest.plist” doesn’t exist." UserInfo={NSFilePath=/Users/liuyuxuan/Library/Developer/Xcode/DerivedData/CompilerIdOBJCXX-gnqafsnfbmhdzqfyburfznxnbhiu/Logs/Localization/LogStoreManifest.plist, NSURL=file:///Users/liuyuxuan/Library/Developer/Xcode/DerivedData/CompilerIdOBJCXX-gnqafsnfbmhdzqfyburfznxnbhiu/Logs/Localization/LogStoreManifest.plist, NSUnderlyingError=0x7fce561cf450 {Error Domain=NSPOSIXErrorDomain Code=2 "No such file or directory"}}. User info: {
    NSFilePath = "/Users/liuyuxuan/Library/Developer/Xcode/DerivedData/CompilerIdOBJCXX-gnqafsnfbmhdzqfyburfznxnbhiu/Logs/Localization/LogStoreManifest.plist";
    NSURL = "file:///Users/liuyuxuan/Library/Developer/Xcode/DerivedData/CompilerIdOBJCXX-gnqafsnfbmhdzqfyburfznxnbhiu/Logs/Localization/LogStoreManifest.plist";
    NSUnderlyingError = "Error Domain=NSPOSIXErrorDomain Code=2 \"No such file or directory\"";
}.
2026-09-27 10:02:49.345 xcodebuild[78559:4731784] [MT] IDELogStore: Failed to open log store at /Users/liuyuxuan/Library/Developer/Xcode/DerivedData/CompilerIdOBJCXX-gnqafsnfbmhdzqfyburfznxnbhiu/Logs/Package
2026-09-27 10:02:49.346 xcodebuild[78559:4731784] [MT] IDELogStore: Failed to open Package log store: Error Domain=NSCocoaErrorDomain Code=4 "The file “LogStoreManifest.plist” doesn’t exist." UserInfo={NSFilePath=/Users/liuyuxuan/Library/Developer/Xcode/DerivedData/CompilerIdOBJCXX-gnqafsnfbmhdzqfyburfznxnbhiu/Logs/Package/LogStoreManifest.plist, NSURL=file:///Users/liuyuxuan/Library/Developer/Xcode/DerivedData/CompilerIdOBJCXX-gnqafsnfbmhdzqfyburfznxnbhiu/Logs/Package/LogStoreManifest.plist, NSUnderlyingError=0x7fce5b61b2b0 {Error Domain=NSPOSIXErrorDomain Code=2 "No such file or directory"}}. User info: {
    NSFilePath = "/Users/liuyuxuan/Library/Developer/Xcode/DerivedData/CompilerIdOBJCXX-gnqafsnfbmhdzqfyburfznxnbhiu/Logs/Package/LogStoreManifest.plist";
    NSURL = "file:///Users/liuyuxuan/Library/Developer/Xcode/DerivedData/CompilerIdOBJCXX-gnqafsnfbmhdzqfyburfznxnbhiu/Logs/Package/LogStoreManifest.plist";
    NSUnderlyingError = "Error Domain=NSPOSIXErrorDomain Code=2 \"No such file or directory\"";
}.
2026-09-27 10:02:49.524 xcodebuild[78559:4731784] [MT] IDELogStore: Failed to open log store at /Users/liuyuxuan/Library/Developer/Xcode/DerivedData/CompilerIdOBJCXX-gnqafsnfbmhdzqfyburfznxnbhiu/Logs/Package
2026-09-27 10:02:49.525 xcodebuild[78559:4731784] [MT] IDELogStore: Failed to open Package log store: Error Domain=NSCocoaErrorDomain Code=4 "The file “LogStoreManifest.plist” doesn’t exist." UserInfo={NSFilePath=/Users/liuyuxuan/Library/Developer/Xcode/DerivedData/CompilerIdOBJCXX-gnqafsnfbmhdzqfyburfznxnbhiu/Logs/Package/LogStoreManifest.plist, NSURL=file:///Users/liuyuxuan/Library/Developer/Xcode/DerivedData/CompilerIdOBJCXX-gnqafsnfbmhdzqfyburfznxnbhiu/Logs/Package/LogStoreManifest.plist, NSUnderlyingError=0x7fce5b02e710 {Error Domain=NSPOSIXErrorDomain Code=2 "No such file or directory"}}. User info: {
    NSFilePath = "/Users/liuyuxuan/Library/Developer/Xcode/DerivedData/CompilerIdOBJCXX-gnqafsnfbmhdzqfyburfznxnbhiu/Logs/Package/LogStoreManifest.plist";
    NSURL = "file:///Users/liuyuxuan/Library/Developer/Xcode/DerivedData/CompilerIdOBJCXX-gnqafsnfbmhdzqfyburfznxnbhiu/Logs/Package/LogStoreManifest.plist";
    NSUnderlyingError = "Error Domain=NSPOSIXErrorDomain Code=2 \"No such file or directory\"";
}.
ComputeTargetDependencyGraph
warning: Building targets in manual order is deprecated - check "Parallelize build for command-line builds" in the project editor, or set DISABLE_MANUAL_TARGET_ORDER_BUILD_WARNING in any of the targets in the current build to suppress this warning
note: Target dependency graph (1 target)
    Target 'CompilerIdOBJCXX' in project 'CompilerIdOBJCXX' (no dependencies)

GatherProvisioningInputs

CreateBuildDescription
Build description signature: 9d0c38934707649af057730c34ac95d1
Build description path: /Users/liuyuxuan/Documents/KiwiEngine/build-xcode/CMakeFiles/3.25.1/CompilerIdOBJCXX/./XCBuildData/9d0c38934707649af057730c34ac95d1.xcbuilddata

CreateBuildDirectory /Users/liuyuxuan/Documents/KiwiEngine/build-xcode/CMakeFiles/3.25.1/CompilerIdOBJCXX
    cd /Users/liuyuxuan/Documents/KiwiEngine/build-xcode/CMakeFiles/3.25.1/CompilerIdOBJCXX/CompilerIdOBJCXX.xcodeproj
    builtin-create-build-directory /Users/liuyuxuan/Documents/KiwiEngine/build-xcode/CMakeFiles/3.25.1/CompilerIdOBJCXX

ClangStatCache /Applications/Xcode.app/Contents/Developer/Toolchains/XcodeDefault.xctoolchain/usr/bin/clang-stat-cache /Applications/Xcode.app/Contents/Developer/Platforms/MacOSX.platform/Developer/SDKs/MacOSX14.2.sdk /var/folders/d_/qz91s5mx0r96yp3hzr6jhvlc0000gn/C/com.apple.DeveloperTools/15.1-15C65/Xcode/SDKStatCaches.noindex/macosx14.2-23C53-df0db8920d7ae99241a1bc0f08d2dced.sdkstatcache
    cd /Users/liuyuxuan/Documents/KiwiEngine/build-xcode/CMakeFiles/3.25.1/CompilerIdOBJCXX/CompilerIdOBJCXX.xcodeproj
    /Applications/Xcode.app/Contents/Developer/Toolchains/XcodeDefault.xctoolchain/usr/bin/clang-stat-cache /Applications/Xcode.app/Contents/Developer/Platforms/MacOSX.platform/Developer/SDKs/MacOSX14.2.sdk -o /var/folders/d_/qz91s5mx0r96yp3hzr6jhvlc0000gn/C/com.apple.DeveloperTools/15.1-15C65/Xcode/SDKStatCaches.noindex/macosx14.2-23C53-df0db8920d7ae99241a1bc0f08d2dced.sdkstatcache

CreateBuildDirectory /Users/liuyuxuan/Documents/KiwiEngine/build-xcode/CMakeFiles/3.25.1/CompilerIdOBJCXX/EagerLinkingTBDs/Debug
    cd /Users/liuyuxuan/Documents/KiwiEngine/build-xcode/CMakeFiles/3.25.1/CompilerIdOBJCXX/CompilerIdOBJCXX.xcodeproj
    builtin-create-build-directory /Users/liuyuxuan/Documents/KiwiEngine/build-xcode/CMakeFiles/3.25.1/CompilerIdOBJCXX/EagerLinkingTBDs/Debug

WriteAuxiliaryFile /Users/liuyuxuan/Documents/KiwiEngine/build-xcode/CMakeFiles/3.25.1/CompilerIdOBJCXX/CompilerIdOBJCXX.build/Debug/CompilerIdOBJCXX.build/DerivedSources/Entitlements.plist (in target 'CompilerIdOBJCXX' from project 'CompilerIdOBJCXX')
    cd /Users/liuyuxuan/Documents/KiwiEngine/build-xcode/CMakeFiles/3.25.1/CompilerIdOBJCXX
    write-file /Users/liuyuxuan/Documents/KiwiEngine/build-xcode/CMakeFiles/3.25.1/CompilerIdOBJCXX/CompilerIdOBJCXX.build/Debug/CompilerIdOBJCXX.build/DerivedSources/Entitlements.plist

ProcessProductPackaging "" /Users/liuyuxuan/Documents/KiwiEngine/build-xcode/CMakeFiles/3.25.1/CompilerIdOBJCXX/CompilerIdOBJCXX.build/Debug/CompilerIdOBJCXX.build/CompilerIdOBJCXX.xcent (in target 'CompilerIdOBJCXX' from project 'CompilerIdOBJCXX')
    cd /Users/liuyuxuan/Documents/KiwiEngine/build-xcode/CMakeFiles/3.25.1/CompilerIdOBJCXX
    
    Entitlements:
    
    {
    "com.apple.application-identifier" = "";
    "com.apple.security.get-task-allow" = 1;
}
    
    builtin-productPackagingUtility -entitlements -format xml -o /Users/liuyuxuan/Documents/KiwiEngine/build-xcode/CMakeFiles/3.25.1/CompilerIdOBJCXX/CompilerIdOBJCXX.build/Debug/CompilerIdOBJCXX.build/CompilerIdOBJCXX.xcent

ProcessProductPackagingDER /Users/liuyuxuan/Documents/KiwiEngine/build-xcode/CMakeFiles/3.25.1/CompilerIdOBJCXX/CompilerIdOBJCXX.build/Debug/CompilerIdOBJCXX.build/CompilerIdOBJCXX.xcent /Users/liuyuxuan/Documents/KiwiEngine/build-xcode/CMakeFiles/3.25.1/CompilerIdOBJCXX/CompilerIdOBJCXX.build/Debug/CompilerIdOBJCXX.build/CompilerIdOBJCXX.xcent.der (in target 'CompilerIdOBJCXX' from project 'CompilerIdOBJCXX')
    cd /Users/liuyuxuan/Documents/KiwiEngine/build-xcode/CMakeFiles/3.25.1/CompilerIdOBJCXX
    /usr/bin/derq query -f xml -i /Users/liuyuxuan/Documents/KiwiEngine/build-xcode/CMakeFiles/3.25.1/CompilerIdOBJCXX/CompilerIdOBJCXX.build/Debug/CompilerIdOBJCXX.build/CompilerIdOBJCXX.xcent -o /Users/liuyuxuan/Documents/KiwiEngine/build-xcode/CMakeFiles/3.25.1/CompilerIdOBJCXX/CompilerIdOBJCXX.build/Debug/CompilerIdOBJCXX.build/CompilerIdOBJCXX.xcent.der --raw

WriteAuxiliaryFile /Users/liuyuxuan/Documents/KiwiEngine/build-xcode/CMakeFiles/3.25.1/CompilerIdOBJCXX/CompilerIdOBJCXX.build/Debug/CompilerIdOBJCXX.build/CompilerIdOBJCXX-project-headers.hmap (in target 'CompilerIdOBJCXX' from project 'CompilerIdOBJCXX')
    cd /Users/liuyuxuan/Documents/KiwiEngine/build-xcode/CMakeFiles/3.25.1/CompilerIdOBJCXX
    write-file /Users/liuyuxuan/Documents/KiwiEngine/build-xcode/CMakeFiles/3.25.1/CompilerIdOBJCXX/CompilerIdOBJCXX.build/Debug/CompilerIdOBJCXX.build/CompilerIdOBJCXX-project-headers.hmap

WriteAuxiliaryFile /Users/liuyuxuan/Documents/KiwiEngine/build-xcode/CMakeFiles/3.25.1/CompilerIdOBJCXX/CompilerIdOBJCXX.build/Debug/CompilerIdOBJCXX.build/CompilerIdOBJCXX.hmap (in target 'CompilerIdOBJCXX' from project 'CompilerIdOBJCXX')
    cd /Users/liuyuxuan/Documents/KiwiEngine/build-xcode/CMakeFiles/3.25.1/CompilerIdOBJCXX
    write-file /Users/liuyuxuan/Documents/KiwiEngine/build-xcode/CMakeFiles/3.25.1/CompilerIdOBJCXX/CompilerIdOBJCXX.build/Debug/CompilerIdOBJCXX.build/CompilerIdOBJCXX.hmap

WriteAuxiliaryFile /Users/liuyuxuan/Documents/KiwiEngine/build-xcode/CMakeFiles/3.25.1/CompilerIdOBJCXX/CompilerIdOBJCXX.build/Debug/CompilerIdOBJCXX.build/all-product-headers.yaml (in target 'CompilerIdOBJCXX' from project 'CompilerIdOBJCXX')
    cd /Users/liuyuxuan/Documents/KiwiEngine/build-xcode/CMakeFiles/3.25.1/CompilerIdOBJCXX
    write-file /Users/liuyuxuan/Documents/KiwiEngine/build-xcode/CMakeFiles/3.25.1/CompilerIdOBJCXX/CompilerIdOBJCXX.build/Debug/CompilerIdOBJCXX.build/all-product-headers.yaml

WriteAuxiliaryFile /Users/liuyuxuan/Documents/KiwiEngine/build-xcode/CMakeFiles/3.25.1/CompilerIdOBJCXX/CompilerIdOBJCXX.build/Debug/CompilerIdOBJCXX.build/CompilerIdOBJCXX-generated-files.hmap (in target 'CompilerIdOBJCXX' from project 'CompilerIdOBJCXX')
    cd /Users/liuyuxuan/Documents/KiwiEngine/build-xcode/CMakeFiles/3.25.1/CompilerIdOBJCXX
    write-file /Users/liuyuxuan/Documents/KiwiEngine/build-xcode/CMakeFiles/3.25.1/CompilerIdOBJCXX/CompilerIdOBJCXX.build/Debug/CompilerIdOBJCXX.build/CompilerIdOBJCXX-generated-files.hmap

WriteAuxiliaryFile /Users/liuyuxuan/Documents/KiwiEngine/build-xcode/CMakeFiles/3.25.1/CompilerIdOBJCXX/CompilerIdOBJCXX.build/Debug/CompilerIdOBJCXX.build/CompilerIdOBJCXX-own-target-headers.hmap (in target 'CompilerIdOBJCXX' from project 'CompilerIdOBJCXX')
    cd /Users/liuyuxuan/Documents/KiwiEngine/build-xcode/CMakeFiles/3.25.1/CompilerIdOBJCXX
    write-file /Users/liuyuxuan/Documents/KiwiEngine/build-xcode/CMakeFiles/3.25.1/CompilerIdOBJCXX/CompilerIdOBJCXX.build/Debug/CompilerIdOBJCXX.build/CompilerIdOBJCXX-own-target-headers.hmap

WriteAuxiliaryFile /Users/liuyuxuan/Documents/KiwiEngine/build-xcode/CMakeFiles/3.25.1/CompilerIdOBJCXX/CompilerIdOBJCXX.build/Debug/CompilerIdOBJCXX.build/CompilerIdOBJCXX-all-target-headers.hmap (in target 'CompilerIdOBJCXX' from project 'CompilerIdOBJCXX')
    cd /Users/liuyuxuan/Documents/KiwiEngine/build-xcode/CMakeFiles/3.25.1/CompilerIdOBJCXX
    write-file /Users/liuyuxuan/Documents/KiwiEngine/build-xcode/CMakeFiles/3.25.1/CompilerIdOBJCXX/CompilerIdOBJCXX.build/Debug/CompilerIdOBJCXX.build/CompilerIdOBJCXX-all-target-headers.hmap

WriteAuxiliaryFile /Users/liuyuxuan/Documents/KiwiEngine/build-xcode/CMakeFiles/3.25.1/CompilerIdOBJCXX/CompilerIdOBJCXX.build/Debug/CompilerIdOBJCXX.build/CompilerIdOBJCXX-all-non-framework-target-headers.hmap (in target 'CompilerIdOBJCXX' from project 'CompilerIdOBJCXX')
    cd /Users/liuyuxuan/Documents/KiwiEngine/build-xcode/CMakeFiles/3.25.1/CompilerIdOBJCXX
    write-file /Users/liuyuxuan/Documents/KiwiEngine/build-xcode/CMakeFiles/3.25.1/CompilerIdOBJCXX/CompilerIdOBJCXX.build/Debug/CompilerIdOBJCXX.build/CompilerIdOBJCXX-all-non-framework-target-headers.hmap

WriteAuxiliaryFile /Users/liuyuxuan/Documents/KiwiEngine/build-xcode/CMakeFiles/3.25.1/CompilerIdOBJCXX/CompilerIdOBJCXX.build/Debug/CompilerIdOBJCXX.build/Objects-normal/x86_64/CompilerIdOBJCXX.LinkFileList (in target 'CompilerIdOBJCXX' from project 'CompilerIdOBJCXX')
    cd /Users/liuyuxuan/Documents/KiwiEngine/build-xcode/CMakeFiles/3.25.1/CompilerIdOBJCXX
    write-file /Users/liuyuxuan/Documents/KiwiEngine/build-xcode/CMakeFiles/3.25.1/CompilerIdOBJCXX/CompilerIdOBJCXX.build/Debug/CompilerIdOBJCXX.build/Objects-normal/x86_64/CompilerIdOBJCXX.LinkFileList

CompileC /Users/liuyuxuan/Documents/KiwiEngine/build-xcode/CMakeFiles/3.25.1/CompilerIdOBJCXX/CompilerIdOBJCXX.build/Debug/CompilerIdOBJCXX.build/Objects-normal/x86_64/CMakeOBJCXXCompilerId.o /Users/liuyuxuan/Documents/KiwiEngine/build-xcode/CMakeFiles/3.25.1/CompilerIdOBJCXX/CMakeOBJCXXCompilerId.mm normal x86_64 objective-c++ com.apple.compilers.llvm.clang.1_0.compiler (in target 'CompilerIdOBJCXX' from project 'CompilerIdOBJCXX')
    cd /Users/liuyuxuan/Documents/KiwiEngine/build-xcode/CMakeFiles/3.25.1/CompilerIdOBJCXX
    /Applications/Xcode.app/Contents/Developer/Toolchains/XcodeDefault.xctoolchain/usr/bin/clang -x objective-c++ -ivfsstatcache /var/folders/d_/qz91s5mx0r96yp3hzr6jhvlc0000gn/C/com.apple.DeveloperTools/15.1-15C65/Xcode/SDKStatCaches.noindex/macosx14.2-23C53-df0db8920d7ae99241a1bc0f08d2dced.sdkstatcache -target x86_64-apple-macos14.0 -fmessage-length\=0 -fdiagnostics-show-note-include-stack -fmacro-backtrace-limit\=0 -fno-color-diagnostics -Wno-trigraphs -fpascal-strings -Os -Wno-missing-field-initializers -Wno-missing-prototypes -Wno-return-type -Wno-implicit-atomic-properties -Wno-objc-interface-ivars -Wno-arc-repeated-use-of-weak -Wno-non-virtual-dtor -Wno-overloaded-virtual -Wno-exit-time-destructors -Wno-missing-braces -Wparentheses -Wswitch -Wno-unused-function -Wno-unused-label -Wno-unused-parameter -Wno-unused-variable -Wunused-value -Wno-empty-body -Wno-uninitialized -Wno-unknown-pragmas -Wno-shadow -Wno-four-char-constants -Wno-conversion -Wno-constant-conversion -Wno-int-conversion -Wno-bool-conversion -Wno-enum-conversion -Wno-float-conversion -Wno-non-literal-null-conversion -Wno-objc-literal-conversion -Wshorten-64-to-32 -Wno-newline-eof -Wno-selector -Wno-strict-selector-match -Wno-undeclared-selector -Wno-deprecated-implementations -Wno-c++11-extensions -Wno-implicit-fallthrough -DOBJC_OLD_DISPATCH_PROTOTYPES\=1 -isysroot /Applications/Xcode.app/Contents/Developer/Platforms/MacOSX.platform/Developer/SDKs/MacOSX14.2.sdk -fasm-blocks -fstrict-aliasing -Wprotocol -Wdeprecated-declarations -Winvalid-offsetof -g -fvisibility\=hidden -fvisibility-inlines-hidden -Wno-sign-conversion -Wno-infinite-recursion -Wno-move -Wno-comma -Wno-block-capture-autoreleasing -Wno-strict-prototypes -Wno-range-loop-analysis -Wno-semicolon-before-method-body -iquote /Users/liuyuxuan/Documents/KiwiEngine/build-xcode/CMakeFiles/3.25.1/CompilerIdOBJCXX/CompilerIdOBJCXX.build/Debug/CompilerIdOBJCXX.build/CompilerIdOBJCXX-generated-files.hmap -I/Users/liuyuxuan/Documents/KiwiEngine/build-xcode/CMakeFiles/3.25.1/CompilerIdOBJCXX/CompilerIdOBJCXX.build/Debug/CompilerIdOBJCXX.build/CompilerIdOBJCXX-own-target-headers.hmap -I/Users/liuyuxuan/Documents/KiwiEngine/build-xcode/CMakeFiles/3.25.1/CompilerIdOBJCXX/CompilerIdOBJCXX.build/Debug/CompilerIdOBJCXX.build/CompilerIdOBJCXX-all-target-headers.hmap -iquote /Users/liuyuxuan/Documents/KiwiEngine/build-xcode/CMakeFiles/3.25.1/CompilerIdOBJCXX/CompilerIdOBJCXX.build/Debug/CompilerIdOBJCXX.build/CompilerIdOBJCXX-project-headers.hmap -I/Users/liuyuxuan/Documents/KiwiEngine/build-xcode/CMakeFiles/3.25.1/CompilerIdOBJCXX/include -I/Users/liuyuxuan/Documents/KiwiEngine/build-xcode/CMakeFiles/3.25.1/CompilerIdOBJCXX/CompilerIdOBJCXX.build/Debug/CompilerIdOBJCXX.build/DerivedSources-normal/x86_64 -I/Users/liuyuxuan/Documents/KiwiEngine/build-xcode/CMakeFiles/3.25.1/CompilerIdOBJCXX/CompilerIdOBJCXX.build/Debug/CompilerIdOBJCXX.build/DerivedSources/x86_64 -I/Users/liuyuxuan/Documents/KiwiEngine/build-xcode/CMakeFiles/3.25.1/CompilerIdOBJCXX/CompilerIdOBJCXX.build/Debug/CompilerIdOBJCXX.build/DerivedSources -F/Users/liuyuxuan/Documents/KiwiEngine/build-xcode/CMakeFiles/3.25.1/CompilerIdOBJCXX -MMD -MT dependencies -MF /Users/liuyuxuan/Documents/KiwiEngine/build-xcode/CMakeFiles/3.25.1/CompilerIdOBJCXX/CompilerIdOBJCXX.build/Debug/CompilerIdOBJCXX.build/Objects-normal/x86_64/CMakeOBJCXXCompilerId.d --serialize-diagnostics /Users/liuyuxuan/Documents/KiwiEngine/build-xcode/CMakeFiles/3.25.1/CompilerIdOBJCXX/CompilerIdOBJCXX.build/Debug/CompilerIdOBJCXX.build/Objects-normal/x86_64/CMakeOBJCXXCompilerId.dia -c /Users/liuyuxuan/Documents/KiwiEngine/build-xcode/CMakeFiles/3.25.1/CompilerIdOBJCXX/CMakeOBJCXXCompilerId.mm -o /Users/liuyuxuan/Documents/KiwiEngine/build-xcode/CMakeFiles/3.25.1/CompilerIdOBJCXX/CompilerIdOBJCXX.build/Debug/CompilerIdOBJCXX.build/Objects-normal/x86_64/CMakeOBJCXXCompilerId.o
/Users/liuyuxuan/Documents/KiwiEngine/build-xcode/CMakeFiles/3.25.1/CompilerIdOBJCXX/CMakeOBJCXXCompilerId.mm:777:2: warning: invalid preprocessing directive, did you mean '#elif'? [-Wunknown-directives]
#elfif CXX_STD > 201703L
 ^~~~~
 elif
1 warning generated.

Ld /Users/liuyuxuan/Documents/KiwiEngine/build-xcode/CMakeFiles/3.25.1/CompilerIdOBJCXX/CompilerIdOBJCXX normal (in target 'CompilerIdOBJCXX' from project 'CompilerIdOBJCXX')
    cd /Users/liuyuxuan/Documents/KiwiEngine/build-xcode/CMakeFiles/3.25.1/CompilerIdOBJCXX
    /Applications/Xcode.app/Contents/Developer/Toolchains/XcodeDefault.xctoolchain/usr/bin/clang++ -Xlinker -reproducible -target x86_64-apple-macos14.0 -isysroot /Applications/Xcode.app/Contents/Developer/Platforms/MacOSX.platform/Developer/SDKs/MacOSX14.2.sdk -Os -L/Users/liuyuxuan/Documents/KiwiEngine/build-xcode/CMakeFiles/3.25.1/CompilerIdOBJCXX/EagerLinkingTBDs/Debug -L/Users/liuyuxuan/Documents/KiwiEngine/build-xcode/CMakeFiles/3.25.1/CompilerIdOBJCXX -F/Users/liuyuxuan/Documents/KiwiEngine/build-xcode/CMakeFiles/3.25.1/CompilerIdOBJCXX/EagerLinkingTBDs/Debug -F/Users/liuyuxuan/Documents/KiwiEngine/build-xcode/CMakeFiles/3.25.1/CompilerIdOBJCXX -filelist /Users/liuyuxuan/Documents/KiwiEngine/build-xcode/CMakeFiles/3.25.1/CompilerIdOBJCXX/CompilerIdOBJCXX.build/Debug/CompilerIdOBJCXX.build/Objects-normal/x86_64/CompilerIdOBJCXX.LinkFileList -Xlinker -object_path_lto -Xlinker /Users/liuyuxuan/Documents/KiwiEngine/build-xcode/CMakeFiles/3.25.1/CompilerIdOBJCXX/CompilerIdOBJCXX.build/Debug/CompilerIdOBJCXX.build/Objects-normal/x86_64/CompilerIdOBJCXX_lto.o -fobjc-link-runtime -Xlinker -no_adhoc_codesign -Xlinker -dependency_info -Xlinker /Users/liuyuxuan/Documents/KiwiEngine/build-xcode/CMakeFiles/3.25.1/CompilerIdOBJCXX/CompilerIdOBJCXX.build/Debug/CompilerIdOBJCXX.build/Objects-normal/x86_64/CompilerIdOBJCXX_dependency_info.dat -o /Users/liuyuxuan/Documents/KiwiEngine/build-xcode/CMakeFiles/3.25.1/CompilerIdOBJCXX/CompilerIdOBJCXX

WriteAuxiliaryFile /Users/liuyuxuan/Documents/KiwiEngine/build-xcode/CMakeFiles/3.25.1/CompilerIdOBJCXX/CompilerIdOBJCXX.build/Debug/CompilerIdOBJCXX.build/Script-2C8FEB8E15DC1A1A00E56A5D.sh (in target 'CompilerIdOBJCXX' from project 'CompilerIdOBJCXX')
    cd /Users/liuyuxuan/Documents/KiwiEngine/build-xcode/CMakeFiles/3.25.1/CompilerIdOBJCXX
    write-file /Users/liuyuxuan/Documents/KiwiEngine/build-xcode/CMakeFiles/3.25.1/CompilerIdOBJCXX/CompilerIdOBJCXX.build/Debug/CompilerIdOBJCXX.build/Script-2C8FEB8E15DC1A1A00E56A5D.sh

PhaseScriptExecution Run\ Script /Users/liuyuxuan/Documents/KiwiEngine/build-xcode/CMakeFiles/3.25.1/CompilerIdOBJCXX/CompilerIdOBJCXX.build/Debug/CompilerIdOBJCXX.build/Script-2C8FEB8E15DC1A1A00E56A5D.sh (in target 'CompilerIdOBJCXX' from project 'CompilerIdOBJCXX')
    cd /Users/liuyuxuan/Documents/KiwiEngine/build-xcode/CMakeFiles/3.25.1/CompilerIdOBJCXX
    /bin/sh -c /Users/liuyuxuan/Documents/KiwiEngine/build-xcode/CMakeFiles/3.25.1/CompilerIdOBJCXX/CompilerIdOBJCXX.build/Debug/CompilerIdOBJCXX.build/Script-2C8FEB8E15DC1A1A00E56A5D.sh
GCC_VERSION=com.apple.compilers.llvm.clang.1_0
ARCHS=x86_64

CodeSign /Users/liuyuxuan/Documents/KiwiEngine/build-xcode/CMakeFiles/3.25.1/CompilerIdOBJCXX/CompilerIdOBJCXX (in target 'CompilerIdOBJCXX' from project 'CompilerIdOBJCXX')
    cd /Users/liuyuxuan/Documents/KiwiEngine/build-xcode/CMakeFiles/3.25.1/CompilerIdOBJCXX
    
    Signing Identity:     "-"
    
    /usr/bin/codesign --force --sign - --entitlements /Users/liuyuxuan/Documents/KiwiEngine/build-xcode/CMakeFiles/3.25.1/CompilerIdOBJCXX/CompilerIdOBJCXX.build/Debug/CompilerIdOBJCXX.build/CompilerIdOBJCXX.xcent --timestamp\=none --generate-entitlement-der /Users/liuyuxuan/Documents/KiwiEngine/build-xcode/CMakeFiles/3.25.1/CompilerIdOBJCXX/CompilerIdOBJCXX

RegisterExecutionPolicyException /Users/liuyuxuan/Documents/KiwiEngine/build-xcode/CMakeFiles/3.25.1/CompilerIdOBJCXX/CompilerIdOBJCXX (in target 'CompilerIdOBJCXX' from project 'CompilerIdOBJCXX')
    cd /Users/liuyuxuan/Documents/KiwiEngine/build-xcode/CMakeFiles/3.25.1/CompilerIdOBJCXX
    builtin-RegisterExecutionPolicyException /Users/liuyuxuan/Documents/KiwiEngine/build-xcode/CMakeFiles/3.25.1/CompilerIdOBJCXX/CompilerIdOBJCXX

warning: Traditional headermap style is no longer supported; please migrate to using separate headermaps and set 'ALWAYS_SEARCH_USER_PATHS' to NO. (in target 'CompilerIdOBJCXX' from project 'CompilerIdOBJCXX')
note: Run script build phase 'Run Script' will be run during every build because the option to run the script phase "Based on dependency analysis" is unchecked. (in target 'CompilerIdOBJCXX' from project 'CompilerIdOBJCXX')
** BUILD SUCCEEDED **



Compilation of the OBJCXX compiler identification source "CMakeOBJCXXCompilerId.mm" produced "CompilerIdOBJCXX"

The OBJCXX compiler identification is AppleClang, found in "/Users/liuyuxuan/Documents/KiwiEngine/build-xcode/CMakeFiles/3.25.1/CompilerIdOBJCXX/CompilerIdOBJCXX"

Detecting OBJCXX compiler ABI info compiled with the following output:
Change Dir: /Users/liuyuxuan/Documents/KiwiEngine/build-xcode/CMakeFiles/CMakeScratch/TryCompile-4dVvBX

Run Build Command(s):/usr/bin/xcodebuild -project CMAKE_TRY_COMPILE.xcodeproj build -target cmTC_7021d -parallelizeTargets -configuration Debug -hideShellScriptEnvironment && objc[78751]: Class _TtC12DVTDownloads14DownloadsAsset is implemented in both /Applications/Xcode.app/Contents/SharedFrameworks/DVTDownloads.framework/Versions/A/DVTDownloads (0x109efea18) and /Library/Developer/PrivateFrameworks/DVTDownloads.framework/Versions/A/DVTDownloads (0x1140f3880). This may cause spurious casting failures and mysterious crashes. One of the duplicates must be removed or renamed.
objc[78751]: Class _TtC12DVTDownloads16CryptexDiskImage is implemented in both /Applications/Xcode.app/Contents/SharedFrameworks/DVTDownloads.framework/Versions/A/DVTDownloads (0x109efddb8) and /Library/Developer/PrivateFrameworks/DVTDownloads.framework/Versions/A/DVTDownloads (0x1140f3d68). This may cause spurious casting failures and mysterious crashes. One of the duplicates must be removed or renamed.
objc[78751]: Class _TtC12DVTDownloads15CommandLineTool is implemented in both /Applications/Xcode.app/Contents/SharedFrameworks/DVTDownloads.framework/Versions/A/DVTDownloads (0x109efe8c0) and /Library/Developer/PrivateFrameworks/DVTDownloads.framework/Versions/A/DVTDownloads (0x1140f4d30). This may cause spurious casting failures and mysterious crashes. One of the duplicates must be removed or renamed.
objc[78751]: Class _TtC12DVTDownloads14DiskImageTools is implemented in both /Applications/Xcode.app/Contents/SharedFrameworks/DVTDownloads.framework/Versions/A/DVTDownloads (0x109efe6f0) and /Library/Developer/PrivateFrameworks/DVTDownloads.framework/Versions/A/DVTDownloads (0x1140f4de0). This may cause spurious casting failures and mysterious crashes. One of the duplicates must be removed or renamed.
objc[78751]: Class _TtC12DVTDownloads23SimulatorRuntimeCryptex is implemented in both /Applications/Xcode.app/Contents/SharedFrameworks/DVTDownloads.framework/Versions/A/DVTDownloads (0x109efece0) and /Library/Developer/PrivateFrameworks/DVTDownloads.framework/Versions/A/DVTDownloads (0x1140f5560). This may cause spurious casting failures and mysterious crashes. One of the duplicates must be removed or renamed.
Command line invocation:
    /Applications/Xcode.app/Contents/Developer/usr/bin/xcodebuild -project CMAKE_TRY_COMPILE.xcodeproj build -target cmTC_7021d -parallelizeTargets -configuration Debug -hideShellScriptEnvironment

User defaults from command line:
    HideShellScriptEnvironment = YES
    IDEPackageSupportUseBuiltinSCM = YES

2026-09-27 10:02:55.948 xcodebuild[78751:4732272] [MT] IDELogStore: Failed to open log store at /Users/liuyuxuan/Library/Developer/Xcode/DerivedData/CMAKE_TRY_COMPILE-fagazvxyxmiorydzxgwcmtbjnvlk/Logs/Build
2026-09-27 10:02:55.954 xcodebuild[78751:4732272] [MT] IDELogStore: Failed to open Build log store: Error Domain=NSCocoaErrorDomain Code=4 "The file “LogStoreManifest.plist” doesn’t exist." UserInfo={NSFilePath=/Users/liuyuxuan/Library/Developer/Xcode/DerivedData/CMAKE_TRY_COMPILE-fagazvxyxmiorydzxgwcmtbjnvlk/Logs/Build/LogStoreManifest.plist, NSURL=file:///Users/liuyuxuan/Library/Developer/Xcode/DerivedData/CMAKE_TRY_COMPILE-fagazvxyxmiorydzxgwcmtbjnvlk/Logs/Build/LogStoreManifest.plist, NSUnderlyingError=0x7fed6e6397d0 {Error Domain=NSPOSIXErrorDomain Code=2 "No such file or directory"}}. User info: {
    NSFilePath = "/Users/liuyuxuan/Library/Developer/Xcode/DerivedData/CMAKE_TRY_COMPILE-fagazvxyxmiorydzxgwcmtbjnvlk/Logs/Build/LogStoreManifest.plist";
    NSURL = "file:///Users/liuyuxuan/Library/Developer/Xcode/DerivedData/CMAKE_TRY_COMPILE-fagazvxyxmiorydzxgwcmtbjnvlk/Logs/Build/LogStoreManifest.plist";
    NSUnderlyingError = "Error Domain=NSPOSIXErrorDomain Code=2 \"No such file or directory\"";
}.
2026-09-27 10:02:56.305 xcodebuild[78751:4732272] [MT] IDELogStore: Failed to open log store at /Users/liuyuxuan/Library/Developer/Xcode/DerivedData/CMAKE_TRY_COMPILE-fagazvxyxmiorydzxgwcmtbjnvlk/Logs/Localization
2026-09-27 10:02:56.306 xcodebuild[78751:4732272] [MT] IDELogStore: Failed to open Localization log store: Error Domain=NSCocoaErrorDomain Code=4 "The file “LogStoreManifest.plist” doesn’t exist." UserInfo={NSFilePath=/Users/liuyuxuan/Library/Developer/Xcode/DerivedData/CMAKE_TRY_COMPILE-fagazvxyxmiorydzxgwcmtbjnvlk/Logs/Localization/LogStoreManifest.plist, NSURL=file:///Users/liuyuxuan/Library/Developer/Xcode/DerivedData/CMAKE_TRY_COMPILE-fagazvxyxmiorydzxgwcmtbjnvlk/Logs/Localization/LogStoreManifest.plist, NSUnderlyingError=0x7fed6e70a310 {Error Domain=NSPOSIXErrorDomain Code=2 "No such file or directory"}}. User info: {
    NSFilePath = "/Users/liuyuxuan/Library/Developer/Xcode/DerivedData/CMAKE_TRY_COMPILE-fagazvxyxmiorydzxgwcmtbjnvlk/Logs/Localization/LogStoreManifest.plist";
    NSURL = "file:///Users/liuyuxuan/Library/Developer/Xcode/DerivedData/CMAKE_TRY_COMPILE-fagazvxyxmiorydzxgwcmtbjnvlk/Logs/Localization/LogStoreManifest.plist";
    NSUnderlyingError = "Error Domain=NSPOSIXErrorDomain Code=2 \"No such file or directory\"";
}.
2026-09-27 10:02:56.322 xcodebuild[78751:4732272] [MT] IDELogStore: Failed to open log store at /Users/liuyuxuan/Library/Developer/Xcode/DerivedData/CMAKE_TRY_COMPILE-fagazvxyxmiorydzxgwcmtbjnvlk/Logs/Package
2026-09-27 10:02:56.322 xcodebuild[78751:4732272] [MT] IDELogStore: Failed to open Package log store: Error Domain=NSCocoaErrorDomain Code=4 "The file “LogStoreManifest.plist” doesn’t exist." UserInfo={NSFilePath=/Users/liuyuxuan/Library/Developer/Xcode/DerivedData/CMAKE_TRY_COMPILE-fagazvxyxmiorydzxgwcmtbjnvlk/Logs/Package/LogStoreManifest.plist, NSURL=file:///Users/liuyuxuan/Library/Developer/Xcode/DerivedData/CMAKE_TRY_COMPILE-fagazvxyxmiorydzxgwcmtbjnvlk/Logs/Package/LogStoreManifest.plist, NSUnderlyingError=0x7fed6e991ea0 {Error Domain=NSPOSIXErrorDomain Code=2 "No such file or directory"}}. User info: {
    NSFilePath = "/Users/liuyuxuan/Library/Developer/Xcode/DerivedData/CMAKE_TRY_COMPILE-fagazvxyxmiorydzxgwcmtbjnvlk/Logs/Package/LogStoreManifest.plist";
    NSURL = "file:///Users/liuyuxuan/Library/Developer/Xcode/DerivedData/CMAKE_TRY_COMPILE-fagazvxyxmiorydzxgwcmtbjnvlk/Logs/Package/LogStoreManifest.plist";
    NSUnderlyingError = "Error Domain=NSPOSIXErrorDomain Code=2 \"No such file or directory\"";
}.
2026-09-27 10:02:56.375 xcodebuild[78751:4732272] [MT] IDELogStore: Failed to open log store at /Users/liuyuxuan/Library/Developer/Xcode/DerivedData/CMAKE_TRY_COMPILE-fagazvxyxmiorydzxgwcmtbjnvlk/Logs/Test
2026-09-27 10:02:56.375 xcodebuild[78751:4732272] [MT] IDELogStore: Failed to open Test log store: Error Domain=NSCocoaErrorDomain Code=4 "The file “LogStoreManifest.plist” doesn’t exist." UserInfo={NSFilePath=/Users/liuyuxuan/Library/Developer/Xcode/DerivedData/CMAKE_TRY_COMPILE-fagazvxyxmiorydzxgwcmtbjnvlk/Logs/Test/LogStoreManifest.plist, NSURL=file:///Users/liuyuxuan/Library/Developer/Xcode/DerivedData/CMAKE_TRY_COMPILE-fagazvxyxmiorydzxgwcmtbjnvlk/Logs/Test/LogStoreManifest.plist, NSUnderlyingError=0x7fed6e85afd0 {Error Domain=NSPOSIXErrorDomain Code=2 "No such file or directory"}}. User info: {
    NSFilePath = "/Users/liuyuxuan/Library/Developer/Xcode/DerivedData/CMAKE_TRY_COMPILE-fagazvxyxmiorydzxgwcmtbjnvlk/Logs/Test/LogStoreManifest.plist";
    NSURL = "file:///Users/liuyuxuan/Library/Developer/Xcode/DerivedData/CMAKE_TRY_COMPILE-fagazvxyxmiorydzxgwcmtbjnvlk/Logs/Test/LogStoreManifest.plist";
    NSUnderlyingError = "Error Domain=NSPOSIXErrorDomain Code=2 \"No such file or directory\"";
}.
ComputeTargetDependencyGraph
note: Building targets in dependency order
note: Target dependency graph (1 target)
    Target 'cmTC_7021d' in project 'CMAKE_TRY_COMPILE' (no dependencies)

GatherProvisioningInputs

CreateBuildDescription
Build description signature: 871f612f966f11ef28f93fd7f25684a6
Build description path: /Users/liuyuxuan/Documents/KiwiEngine/build-xcode/CMakeFiles/CMakeScratch/TryCompile-4dVvBX/build/XCBuildData/871f612f966f11ef28f93fd7f25684a6.xcbuilddata

CreateBuildDirectory /Users/liuyuxuan/Documents/KiwiEngine/build-xcode/CMakeFiles/CMakeScratch/TryCompile-4dVvBX/Debug
    cd /Users/liuyuxuan/Documents/KiwiEngine/build-xcode/CMakeFiles/CMakeScratch/TryCompile-4dVvBX/CMAKE_TRY_COMPILE.xcodeproj
    builtin-create-build-directory /Users/liuyuxuan/Documents/KiwiEngine/build-xcode/CMakeFiles/CMakeScratch/TryCompile-4dVvBX/Debug

CreateBuildDirectory /Users/liuyuxuan/Documents/KiwiEngine/build-xcode/CMakeFiles/CMakeScratch/TryCompile-4dVvBX/build
    cd /Users/liuyuxuan/Documents/KiwiEngine/build-xcode/CMakeFiles/CMakeScratch/TryCompile-4dVvBX/CMAKE_TRY_COMPILE.xcodeproj
    builtin-create-build-directory /Users/liuyuxuan/Documents/KiwiEngine/build-xcode/CMakeFiles/CMakeScratch/TryCompile-4dVvBX/build

ClangStatCache /Applications/Xcode.app/Contents/Developer/Toolchains/XcodeDefault.xctoolchain/usr/bin/clang-stat-cache /Applications/Xcode.app/Contents/Developer/Platforms/MacOSX.platform/Developer/SDKs/MacOSX14.2.sdk /var/folders/d_/qz91s5mx0r96yp3hzr6jhvlc0000gn/C/com.apple.DeveloperTools/15.1-15C65/Xcode/SDKStatCaches.noindex/macosx14.2-23C53-df0db8920d7ae99241a1bc0f08d2dced.sdkstatcache
    cd /Users/liuyuxuan/Documents/KiwiEngine/build-xcode/CMakeFiles/CMakeScratch/TryCompile-4dVvBX/CMAKE_TRY_COMPILE.xcodeproj
    /Applications/Xcode.app/Contents/Developer/Toolchains/XcodeDefault.xctoolchain/usr/bin/clang-stat-cache /Applications/Xcode.app/Contents/Developer/Platforms/MacOSX.platform/Developer/SDKs/MacOSX14.2.sdk -o /var/folders/d_/qz91s5mx0r96yp3hzr6jhvlc0000gn/C/com.apple.DeveloperTools/15.1-15C65/Xcode/SDKStatCaches.noindex/macosx14.2-23C53-df0db8920d7ae99241a1bc0f08d2dced.sdkstatcache

CreateBuildDirectory /Users/liuyuxuan/Documents/KiwiEngine/build-xcode/CMakeFiles/CMakeScratch/TryCompile-4dVvBX/build/EagerLinkingTBDs/Debug
    cd /Users/liuyuxuan/Documents/KiwiEngine/build-xcode/CMakeFiles/CMakeScratch/TryCompile-4dVvBX/CMAKE_TRY_COMPILE.xcodeproj
    builtin-create-build-directory /Users/liuyuxuan/Documents/KiwiEngine/build-xcode/CMakeFiles/CMakeScratch/TryCompile-4dVvBX/build/EagerLinkingTBDs/Debug

WriteAuxiliaryFile /Users/liuyuxuan/Documents/KiwiEngine/build-xcode/CMakeFiles/CMakeScratch/TryCompile-4dVvBX/build/cmTC_7021d.build/Debug/Objects-normal/x86_64/cmTC_7021d.LinkFileList (in target 'cmTC_7021d' from project 'CMAKE_TRY_COMPILE')
    cd /Users/liuyuxuan/Documents/KiwiEngine/build-xcode/CMakeFiles/CMakeScratch/TryCompile-4dVvBX
    write-file /Users/liuyuxuan/Documents/KiwiEngine/build-xcode/CMakeFiles/CMakeScratch/TryCompile-4dVvBX/build/cmTC_7021d.build/Debug/Objects-normal/x86_64/cmTC_7021d.LinkFileList

CompileC /Users/liuyuxuan/Documents/KiwiEngine/build-xcode/CMakeFiles/CMakeScratch/TryCompile-4dVvBX/build/cmTC_7021d.build/Debug/Objects-normal/x86_64/CMakeOBJCXXCompilerABI.o /usr/local/Cellar/cmake/3.25.1/share/cmake/Modules/CMakeOBJCXXCompilerABI.mm normal x86_64 objective-c++ com.apple.compilers.llvm.clang.1_0.compiler (in target 'cmTC_7021d' from project 'CMAKE_TRY_COMPILE')
    cd /Users/liuyuxuan/Documents/KiwiEngine/build-xcode/CMakeFiles/CMakeScratch/TryCompile-4dVvBX
    /Applications/Xcode.app/Contents/Developer/Toolchains/XcodeDefault.xctoolchain/usr/bin/clang -x objective-c++ -ivfsstatcache /var/folders/d_/qz91s5mx0r96yp3hzr6jhvlc0000gn/C/com.apple.DeveloperTools/15.1-15C65/Xcode/SDKStatCaches.noindex/macosx14.2-23C53-df0db8920d7ae99241a1bc0f08d2dced.sdkstatcache -target x86_64-apple-macos14.0 -fmessage-length\=0 -fdiagnostics-show-note-include-stack -fmacro-backtrace-limit\=0 -fno-color-diagnostics -Wno-trigraphs -fpascal-strings -O0 -Wno-missing-field-initializers -Wno-missing-prototypes -Wno-return-type -Wno-implicit-atomic-properties -Wno-objc-interface-ivars -Wno-arc-repeated-use-of-weak -Wno-non-virtual-dtor -Wno-overloaded-virtual -Wno-exit-time-destructors -Wno-missing-braces -Wparentheses -Wswitch -Wno-unused-function -Wno-unused-label -Wno-unused-parameter -Wno-unused-variable -Wunused-value -Wno-empty-body -Wno-uninitialized -Wno-unknown-pragmas -Wno-shadow -Wno-four-char-constants -Wno-conversion -Wno-constant-conversion -Wno-int-conversion -Wno-bool-conversion -Wno-enum-conversion -Wno-float-conversion -Wno-non-literal-null-conversion -Wno-objc-literal-conversion -Wshorten-64-to-32 -Wno-newline-eof -Wno-selector -Wno-strict-selector-match -Wno-undeclared-selector -Wno-deprecated-implementations -Wno-c++11-extensions -Wno-implicit-fallthrough -DCMAKE_INTDIR\=\"Debug\" -DOBJC_OLD_DISPATCH_PROTOTYPES\=1 -isysroot /Applications/Xcode.app/Contents/Developer/Platforms/MacOSX.platform/Developer/SDKs/MacOSX14.2.sdk -fasm-blocks -fstrict-aliasing -Wprotocol -Wdeprecated-declarations -Winvalid-offsetof -g -Wno-sign-conversion -Wno-infinite-recursion -Wno-move -Wno-comma -Wno-block-capture-autoreleasing -Wno-strict-prototypes -Wno-range-loop-analysis -Wno-semicolon-before-method-body -I/Users/liuyuxuan/Documents/KiwiEngine/build-xcode/CMakeFiles/CMakeScratch/TryCompile-4dVvBX/Debug/include -I/Users/liuyuxuan/Documents/KiwiEngine/build-xcode/CMakeFiles/CMakeScratch/TryCompile-4dVvBX/build/cmTC_7021d.build/Debug/DerivedSources-normal/x86_64 -I/Users/liuyuxuan/Documents/KiwiEngine/build-xcode/CMakeFiles/CMakeScratch/TryCompile-4dVvBX/build/cmTC_7021d.build/Debug/DerivedSources/x86_64 -I/Users/liuyuxuan/Documents/KiwiEngine/build-xcode/CMakeFiles/CMakeScratch/TryCompile-4dVvBX/build/cmTC_7021d.build/Debug/DerivedSources -F/Users/liuyuxuan/Documents/KiwiEngine/build-xcode/CMakeFiles/CMakeScratch/TryCompile-4dVvBX/Debug -v -Wl,-v -MMD -MT dependencies -MF /Users/liuyuxuan/Documents/KiwiEngine/build-xcode/CMakeFiles/CMakeScratch/TryCompile-4dVvBX/build/cmTC_7021d.build/Debug/Objects-normal/x86_64/CMakeOBJCXXCompilerABI.d --serialize-diagnostics /Users/liuyuxuan/Documents/KiwiEngine/build-xcode/CMakeFiles/CMakeScratch/TryCompile-4dVvBX/build/cmTC_7021d.build/Debug/Objects-normal/x86_64/CMakeOBJCXXCompilerABI.dia -c /usr/local/Cellar/cmake/3.25.1/share/cmake/Modules/CMakeOBJCXXCompilerABI.mm -o /Users/liuyuxuan/Documents/KiwiEngine/build-xcode/CMakeFiles/CMakeScratch/TryCompile-4dVvBX/build/cmTC_7021d.build/Debug/Objects-normal/x86_64/CMakeOBJCXXCompilerABI.o
Apple clang version 15.0.0 (clang-1500.1.0.2.5)
Target: x86_64-apple-macos14.0
Thread model: posix
InstalledDir: /Applications/Xcode.app/Contents/Developer/Toolchains/XcodeDefault.xctoolchain/usr/bin
clang: warning: -Wl,-v: 'linker' input unused [-Wunused-command-line-argument]
 "/Applications/Xcode.app/Contents/Developer/Toolchains/XcodeDefault.xctoolchain/usr/bin/clang" -cc1 -triple x86_64-apple-macosx14.0.0 -Wundef-prefix=TARGET_OS_ -Wdeprecated-objc-isa-usage -Werror=deprecated-objc-isa-usage -Werror=implicit-function-declaration -emit-obj -mrelax-all --mrelax-relocations -disable-free -clear-ast-before-backend -disable-llvm-verifier -discard-value-names -main-file-name CMakeOBJCXXCompilerABI.mm -mrelocation-model pic -pic-level 2 -mframe-pointer=all -fno-strict-return -ffp-contract=on -fno-rounding-math -funwind-tables=2 -target-sdk-version=14.2 -fvisibility-inlines-hidden-static-local-var -target-cpu penryn -tune-cpu generic -mllvm -treat-scalable-fixed-error-as-warning -debug-info-kind=standalone -dwarf-version=4 -debugger-tuning=lldb -target-linker-version 1022.1 -v -fcoverage-compilation-dir=/Users/liuyuxuan/Documents/KiwiEngine/build-xcode/CMakeFiles/CMakeScratch/TryCompile-4dVvBX -resource-dir /Applications/Xcode.app/Contents/Developer/Toolchains/XcodeDefault.xctoolchain/usr/lib/clang/15.0.0 -dependency-file /Users/liuyuxuan/Documents/KiwiEngine/build-xcode/CMakeFiles/CMakeScratch/TryCompile-4dVvBX/build/cmTC_7021d.build/Debug/Objects-normal/x86_64/CMakeOBJCXXCompilerABI.d -skip-unused-modulemap-deps -MT dependencies -ivfsstatcache /var/folders/d_/qz91s5mx0r96yp3hzr6jhvlc0000gn/C/com.apple.DeveloperTools/15.1-15C65/Xcode/SDKStatCaches.noindex/macosx14.2-23C53-df0db8920d7ae99241a1bc0f08d2dced.sdkstatcache -isysroot /Applications/Xcode.app/Contents/Developer/Platforms/MacOSX.platform/Developer/SDKs/MacOSX14.2.sdk -D "CMAKE_INTDIR=\"Debug\"" -D OBJC_OLD_DISPATCH_PROTOTYPES=1 -I /Users/liuyuxuan/Documents/KiwiEngine/build-xcode/CMakeFiles/CMakeScratch/TryCompile-4dVvBX/Debug/include -I /Users/liuyuxuan/Documents/KiwiEngine/build-xcode/CMakeFiles/CMakeScratch/TryCompile-4dVvBX/build/cmTC_7021d.build/Debug/DerivedSources-normal/x86_64 -I /Users/liuyuxuan/Documents/KiwiEngine/build-xcode/CMakeFiles/CMakeScratch/TryCompile-4dVvBX/build/cmTC_7021d.build/Debug/DerivedSources/x86_64 -I /Users/liuyuxuan/Documents/KiwiEngine/build-xcode/CMakeFiles/CMakeScratch/TryCompile-4dVvBX/build/cmTC_7021d.build/Debug/DerivedSources -F/Users/liuyuxuan/Documents/KiwiEngine/build-xcode/CMakeFiles/CMakeScratch/TryCompile-4dVvBX/Debug -internal-isystem /Applications/Xcode.app/Contents/Developer/Platforms/MacOSX.platform/Developer/SDKs/MacOSX14.2.sdk/usr/include/c++/v1 -internal-isystem /Applications/Xcode.app/Contents/Developer/Platforms/MacOSX.platform/Developer/SDKs/MacOSX14.2.sdk/usr/local/include -internal-isystem /Applications/Xcode.app/Contents/Developer/Toolchains/XcodeDefault.xctoolchain/usr/lib/clang/15.0.0/include -internal-externc-isystem /Applications/Xcode.app/Contents/Developer/Platforms/MacOSX.platform/Developer/SDKs/MacOSX14.2.sdk/usr/include -internal-externc-isystem /Applications/Xcode.app/Contents/Developer/Toolchains/XcodeDefault.xctoolchain/usr/include -O0 -Wno-trigraphs -Wno-missing-field-initializers -Wno-missing-prototypes -Wno-return-type -Wno-implicit-atomic-properties -Wno-objc-interface-ivars -Wno-arc-repeated-use-of-weak -Wno-non-virtual-dtor -Wno-overloaded-virtual -Wno-exit-time-destructors -Wno-missing-braces -Wparentheses -Wswitch -Wno-unused-function -Wno-unused-label -Wno-unused-parameter -Wno-unused-variable -Wunused-value -Wno-empty-body -Wno-uninitialized -Wno-unknown-pragmas -Wno-shadow -Wno-four-char-constants -Wno-conversion -Wno-constant-conversion -Wno-int-conversion -Wno-bool-conversion -Wno-enum-conversion -Wno-float-conversion -Wno-non-literal-null-conversion -Wno-objc-literal-conversion -Wshorten-64-to-32 -Wno-newline-eof -Wno-selector -Wno-strict-selector-match -Wno-undeclared-selector -Wno-deprecated-implementations -Wno-c++11-extensions -Wno-implicit-fallthrough -Wprotocol -Wdeprecated-declarations -Winvalid-offsetof -Wno-sign-conversion -Wno-infinite-recursion -Wno-move -Wno-comma -Wno-block-capture-autoreleasing -Wno-strict-prototypes -Wno-range-loop-analysis -Wno-semicolon-before-method-body -Wno-reorder-init-list -Wno-implicit-int-float-conversion -Wno-c99-designator -Wno-final-dtor-non-final-class -Wno-extra-semi-stmt -Wno-misleading-indentation -Wno-quoted-include-in-framework-header -Wno-implicit-fallthrough -Wno-enum-enum-conversion -Wno-enum-float-conversion -Wno-elaborated-enum-base -Wno-reserved-identifier -Wno-gnu-folding-constant -fdeprecated-macro -fdebug-compilation-dir=/Users/liuyuxuan/Documents/KiwiEngine/build-xcode/CMakeFiles/CMakeScratch/TryCompile-4dVvBX -ferror-limit 19 -fmacro-backtrace-limit 0 -stack-protector 1 -fstack-check -mdarwin-stkchk-strong-link -fblocks -fencode-extended-block-signature -fregister-global-dtors-with-atexit -fgnuc-version=4.2.1 -fno-cxx-modules -fobjc-runtime=macosx-14.0.0 -fobjc-exceptions -fcxx-exceptions -fexceptions -fpascal-strings -fmax-type-align=16 -fcommon -fdiagnostics-show-note-include-stack -fasm-blocks -serialize-diagnostic-file /Users/liuyuxuan/Documents/KiwiEngine/build-xcode/CMakeFiles/CMakeScratch/TryCompile-4dVvBX/build/cmTC_7021d.build/Debug/Objects-normal/x86_64/CMakeOBJCXXCompilerABI.dia -clang-vendor-feature=+disableNonDependentMemberExprInCurrentInstantiation -fno-odr-hash-protocols -clang-vendor-feature=+enableAggressiveVLAFolding -clang-vendor-feature=+revert09abecef7bbf -clang-vendor-feature=+thisNoAlignAttr -clang-vendor-feature=+thisNoNullAttr -mllvm -disable-aligned-alloc-awareness=1 -D__GCC_HAVE_DWARF2_CFI_ASM=1 -o /Users/liuyuxuan/Documents/KiwiEngine/build-xcode/CMakeFiles/CMakeScratch/TryCompile-4dVvBX/build/cmTC_7021d.build/Debug/Objects-normal/x86_64/CMakeOBJCXXCompilerABI.o -x objective-c++ /usr/local/Cellar/cmake/3.25.1/share/cmake/Modules/CMakeOBJCXXCompilerABI.mm
clang -cc1 version 15.0.0 (clang-1500.1.0.2.5) default target x86_64-apple-darwin25.5.0
ignoring nonexistent directory "/Users/liuyuxuan/Documents/KiwiEngine/build-xcode/CMakeFiles/CMakeScratch/TryCompile-4dVvBX/Debug/include"
ignoring nonexistent directory "/Users/liuyuxuan/Documents/KiwiEngine/build-xcode/CMakeFiles/CMakeScratch/TryCompile-4dVvBX/build/cmTC_7021d.build/Debug/DerivedSources-normal/x86_64"
ignoring nonexistent directory "/Users/liuyuxuan/Documents/KiwiEngine/build-xcode/CMakeFiles/CMakeScratch/TryCompile-4dVvBX/build/cmTC_7021d.build/Debug/DerivedSources/x86_64"
ignoring nonexistent directory "/Users/liuyuxuan/Documents/KiwiEngine/build-xcode/CMakeFiles/CMakeScratch/TryCompile-4dVvBX/build/cmTC_7021d.build/Debug/DerivedSources"
ignoring nonexistent directory "/Applications/Xcode.app/Contents/Developer/Platforms/MacOSX.platform/Developer/SDKs/MacOSX14.2.sdk/usr/local/include"
ignoring nonexistent directory "/Applications/Xcode.app/Contents/Developer/Platforms/MacOSX.platform/Developer/SDKs/MacOSX14.2.sdk/Library/Frameworks"
#include "..." search starts here:
#include <...> search starts here:
 /Users/liuyuxuan/Documents/KiwiEngine/build-xcode/CMakeFiles/CMakeScratch/TryCompile-4dVvBX/Debug (framework directory)
 /Applications/Xcode.app/Contents/Developer/Platforms/MacOSX.platform/Developer/SDKs/MacOSX14.2.sdk/usr/include/c++/v1
 /Applications/Xcode.app/Contents/Developer/Toolchains/XcodeDefault.xctoolchain/usr/lib/clang/15.0.0/include
 /Applications/Xcode.app/Contents/Developer/Platforms/MacOSX.platform/Developer/SDKs/MacOSX14.2.sdk/usr/include
 /Applications/Xcode.app/Contents/Developer/Toolchains/XcodeDefault.xctoolchain/usr/include
 /Applications/Xcode.app/Contents/Developer/Platforms/MacOSX.platform/Developer/SDKs/MacOSX14.2.sdk/System/Library/Frameworks (framework directory)
End of search list.

Ld /Users/liuyuxuan/Documents/KiwiEngine/build-xcode/CMakeFiles/CMakeScratch/TryCompile-4dVvBX/Debug/cmTC_7021d normal (in target 'cmTC_7021d' from project 'CMAKE_TRY_COMPILE')
    cd /Users/liuyuxuan/Documents/KiwiEngine/build-xcode/CMakeFiles/CMakeScratch/TryCompile-4dVvBX
    /Applications/Xcode.app/Contents/Developer/Toolchains/XcodeDefault.xctoolchain/usr/bin/clang++ -Xlinker -reproducible -target x86_64-apple-macos14.0 -isysroot /Applications/Xcode.app/Contents/Developer/Platforms/MacOSX.platform/Developer/SDKs/MacOSX14.2.sdk -O0 -L/Users/liuyuxuan/Documents/KiwiEngine/build-xcode/CMakeFiles/CMakeScratch/TryCompile-4dVvBX/build/EagerLinkingTBDs/Debug -L/Users/liuyuxuan/Documents/KiwiEngine/build-xcode/CMakeFiles/CMakeScratch/TryCompile-4dVvBX/Debug -F/Users/liuyuxuan/Documents/KiwiEngine/build-xcode/CMakeFiles/CMakeScratch/TryCompile-4dVvBX/build/EagerLinkingTBDs/Debug -F/Users/liuyuxuan/Documents/KiwiEngine/build-xcode/CMakeFiles/CMakeScratch/TryCompile-4dVvBX/Debug -filelist /Users/liuyuxuan/Documents/KiwiEngine/build-xcode/CMakeFiles/CMakeScratch/TryCompile-4dVvBX/build/cmTC_7021d.build/Debug/Objects-normal/x86_64/cmTC_7021d.LinkFileList -Xlinker -object_path_lto -Xlinker /Users/liuyuxuan/Documents/KiwiEngine/build-xcode/CMakeFiles/CMakeScratch/TryCompile-4dVvBX/build/cmTC_7021d.build/Debug/Objects-normal/x86_64/cmTC_7021d_lto.o -Xlinker -no_deduplicate -fobjc-link-runtime -v -Wl,-v -Wl,-search_paths_first -Wl,-headerpad_max_install_names -Xlinker -dependency_info -Xlinker /Users/liuyuxuan/Documents/KiwiEngine/build-xcode/CMakeFiles/CMakeScratch/TryCompile-4dVvBX/build/cmTC_7021d.build/Debug/Objects-normal/x86_64/cmTC_7021d_dependency_info.dat -o /Users/liuyuxuan/Documents/KiwiEngine/build-xcode/CMakeFiles/CMakeScratch/TryCompile-4dVvBX/Debug/cmTC_7021d
Apple clang version 15.0.0 (clang-1500.1.0.2.5)
Target: x86_64-apple-macos14.0
Thread model: posix
InstalledDir: /Applications/Xcode.app/Contents/Developer/Toolchains/XcodeDefault.xctoolchain/usr/bin
 "/Applications/Xcode.app/Contents/Developer/Toolchains/XcodeDefault.xctoolchain/usr/bin/ld" -demangle -lto_library /Applications/Xcode.app/Contents/Developer/Toolchains/XcodeDefault.xctoolchain/usr/lib/libLTO.dylib -no_deduplicate -dynamic -arch x86_64 -platform_version macos 14.0.0 14.2 -syslibroot /Applications/Xcode.app/Contents/Developer/Platforms/MacOSX.platform/Developer/SDKs/MacOSX14.2.sdk -O0 -o /Users/liuyuxuan/Documents/KiwiEngine/build-xcode/CMakeFiles/CMakeScratch/TryCompile-4dVvBX/Debug/cmTC_7021d -L/Users/liuyuxuan/Documents/KiwiEngine/build-xcode/CMakeFiles/CMakeScratch/TryCompile-4dVvBX/build/EagerLinkingTBDs/Debug -L/Users/liuyuxuan/Documents/KiwiEngine/build-xcode/CMakeFiles/CMakeScratch/TryCompile-4dVvBX/Debug -reproducible -filelist /Users/liuyuxuan/Documents/KiwiEngine/build-xcode/CMakeFiles/CMakeScratch/TryCompile-4dVvBX/build/cmTC_7021d.build/Debug/Objects-normal/x86_64/cmTC_7021d.LinkFileList -object_path_lto /Users/liuyuxuan/Documents/KiwiEngine/build-xcode/CMakeFiles/CMakeScratch/TryCompile-4dVvBX/build/cmTC_7021d.build/Debug/Objects-normal/x86_64/cmTC_7021d_lto.o -no_deduplicate -v -search_paths_first -headerpad_max_install_names -dependency_info /Users/liuyuxuan/Documents/KiwiEngine/build-xcode/CMakeFiles/CMakeScratch/TryCompile-4dVvBX/build/cmTC_7021d.build/Debug/Objects-normal/x86_64/cmTC_7021d_dependency_info.dat -framework Foundation -lobjc -lc++ -lSystem /Applications/Xcode.app/Contents/Developer/Toolchains/XcodeDefault.xctoolchain/usr/lib/clang/15.0.0/lib/darwin/libclang_rt.osx.a -F/Users/liuyuxuan/Documents/KiwiEngine/build-xcode/CMakeFiles/CMakeScratch/TryCompile-4dVvBX/build/EagerLinkingTBDs/Debug -F/Users/liuyuxuan/Documents/KiwiEngine/build-xcode/CMakeFiles/CMakeScratch/TryCompile-4dVvBX/Debug
@(#)PROGRAM:ld  PROJECT:dyld-1022.1
BUILD 13:20:30 Nov 10 2023
configured to support archs: armv6 armv7 armv7s arm64 arm64e arm64_32 i386 x86_64 x86_64h
will use ld-classic for: armv6 armv7 armv7s arm64_32 i386 armv6m armv7k armv7m armv7em
LTO support using: LLVM version 15.0.0 (static support for 29, runtime is 29)
TAPI support using: Apple TAPI version 15.0.0 (tapi-1500.0.12.8)
Library search paths:
	/Users/liuyuxuan/Documents/KiwiEngine/build-xcode/CMakeFiles/CMakeScratch/TryCompile-4dVvBX/build/EagerLinkingTBDs/Debug
	/Users/liuyuxuan/Documents/KiwiEngine/build-xcode/CMakeFiles/CMakeScratch/TryCompile-4dVvBX/Debug
Framework search paths:
	/Users/liuyuxuan/Documents/KiwiEngine/build-xcode/CMakeFiles/CMakeScratch/TryCompile-4dVvBX/build/EagerLinkingTBDs/Debug
	/Users/liuyuxuan/Documents/KiwiEngine/build-xcode/CMakeFiles/CMakeScratch/TryCompile-4dVvBX/Debug

RegisterExecutionPolicyException /Users/liuyuxuan/Documents/KiwiEngine/build-xcode/CMakeFiles/CMakeScratch/TryCompile-4dVvBX/Debug/cmTC_7021d (in target 'cmTC_7021d' from project 'CMAKE_TRY_COMPILE')
    cd /Users/liuyuxuan/Documents/KiwiEngine/build-xcode/CMakeFiles/CMakeScratch/TryCompile-4dVvBX
    builtin-RegisterExecutionPolicyException /Users/liuyuxuan/Documents/KiwiEngine/build-xcode/CMakeFiles/CMakeScratch/TryCompile-4dVvBX/Debug/cmTC_7021d

** BUILD SUCCEEDED **




Parsed OBJCXX implicit include dir info from above output: rv=done
  found start of include info
  found start of implicit include info
    add: [/Applications/Xcode.app/Contents/Developer/Platforms/MacOSX.platform/Developer/SDKs/MacOSX14.2.sdk/usr/include/c++/v1]
    add: [/Applications/Xcode.app/Contents/Developer/Toolchains/XcodeDefault.xctoolchain/usr/lib/clang/15.0.0/include]
    add: [/Applications/Xcode.app/Contents/Developer/Platforms/MacOSX.platform/Developer/SDKs/MacOSX14.2.sdk/usr/include]
    add: [/Applications/Xcode.app/Contents/Developer/Toolchains/XcodeDefault.xctoolchain/usr/include]
  end of search list found
  collapse include dir [/Applications/Xcode.app/Contents/Developer/Platforms/MacOSX.platform/Developer/SDKs/MacOSX14.2.sdk/usr/include/c++/v1] ==> [/Applications/Xcode.app/Contents/Developer/Platforms/MacOSX.platform/Developer/SDKs/MacOSX14.2.sdk/usr/include/c++/v1]
  collapse include dir [/Applications/Xcode.app/Contents/Developer/Toolchains/XcodeDefault.xctoolchain/usr/lib/clang/15.0.0/include] ==> [/Applications/Xcode.app/Contents/Developer/Toolchains/XcodeDefault.xctoolchain/usr/lib/clang/15.0.0/include]
  collapse include dir [/Applications/Xcode.app/Contents/Developer/Platforms/MacOSX.platform/Developer/SDKs/MacOSX14.2.sdk/usr/include] ==> [/Applications/Xcode.app/Contents/Developer/Platforms/MacOSX.platform/Developer/SDKs/MacOSX14.2.sdk/usr/include]
  collapse include dir [/Applications/Xcode.app/Contents/Developer/Toolchains/XcodeDefault.xctoolchain/usr/include] ==> [/Applications/Xcode.app/Contents/Developer/Toolchains/XcodeDefault.xctoolchain/usr/include]
  implicit include dirs: [/Applications/Xcode.app/Contents/Developer/Platforms/MacOSX.platform/Developer/SDKs/MacOSX14.2.sdk/usr/include/c++/v1;/Applications/Xcode.app/Contents/Developer/Toolchains/XcodeDefault.xctoolchain/usr/lib/clang/15.0.0/include;/Applications/Xcode.app/Contents/Developer/Platforms/MacOSX.platform/Developer/SDKs/MacOSX14.2.sdk/usr/include;/Applications/Xcode.app/Contents/Developer/Toolchains/XcodeDefault.xctoolchain/usr/include]


Parsed OBJCXX implicit link information from above output:
  link line regex: [^( *|.*[/\])(ld|CMAKE_LINK_STARTFILE-NOTFOUND|([^/\]+-)?ld|collect2)[^/\]*( |$)]
  ignore line: [Change Dir: /Users/liuyuxuan/Documents/KiwiEngine/build-xcode/CMakeFiles/CMakeScratch/TryCompile-4dVvBX]
  ignore line: []
  ignore line: [Run Build Command(s):/usr/bin/xcodebuild -project CMAKE_TRY_COMPILE.xcodeproj build -target cmTC_7021d -parallelizeTargets -configuration Debug -hideShellScriptEnvironment && objc[78751]: Class _TtC12DVTDownloads14DownloadsAsset is implemented in both /Applications/Xcode.app/Contents/SharedFrameworks/DVTDownloads.framework/Versions/A/DVTDownloads (0x109efea18) and /Library/Developer/PrivateFrameworks/DVTDownloads.framework/Versions/A/DVTDownloads (0x1140f3880). This may cause spurious casting failures and mysterious crashes. One of the duplicates must be removed or renamed.]
  ignore line: [objc[78751]: Class _TtC12DVTDownloads16CryptexDiskImage is implemented in both /Applications/Xcode.app/Contents/SharedFrameworks/DVTDownloads.framework/Versions/A/DVTDownloads (0x109efddb8) and /Library/Developer/PrivateFrameworks/DVTDownloads.framework/Versions/A/DVTDownloads (0x1140f3d68). This may cause spurious casting failures and mysterious crashes. One of the duplicates must be removed or renamed.]
  ignore line: [objc[78751]: Class _TtC12DVTDownloads15CommandLineTool is implemented in both /Applications/Xcode.app/Contents/SharedFrameworks/DVTDownloads.framework/Versions/A/DVTDownloads (0x109efe8c0) and /Library/Developer/PrivateFrameworks/DVTDownloads.framework/Versions/A/DVTDownloads (0x1140f4d30). This may cause spurious casting failures and mysterious crashes. One of the duplicates must be removed or renamed.]
  ignore line: [objc[78751]: Class _TtC12DVTDownloads14DiskImageTools is implemented in both /Applications/Xcode.app/Contents/SharedFrameworks/DVTDownloads.framework/Versions/A/DVTDownloads (0x109efe6f0) and /Library/Developer/PrivateFrameworks/DVTDownloads.framework/Versions/A/DVTDownloads (0x1140f4de0). This may cause spurious casting failures and mysterious crashes. One of the duplicates must be removed or renamed.]
  ignore line: [objc[78751]: Class _TtC12DVTDownloads23SimulatorRuntimeCryptex is implemented in both /Applications/Xcode.app/Contents/SharedFrameworks/DVTDownloads.framework/Versions/A/DVTDownloads (0x109efece0) and /Library/Developer/PrivateFrameworks/DVTDownloads.framework/Versions/A/DVTDownloads (0x1140f5560). This may cause spurious casting failures and mysterious crashes. One of the duplicates must be removed or renamed.]
  ignore line: [Command line invocation:]
  ignore line: [    /Applications/Xcode.app/Contents/Developer/usr/bin/xcodebuild -project CMAKE_TRY_COMPILE.xcodeproj build -target cmTC_7021d -parallelizeTargets -configuration Debug -hideShellScriptEnvironment]
  ignore line: []
  ignore line: [User defaults from command line:]
  ignore line: [    HideShellScriptEnvironment = YES]
  ignore line: [    IDEPackageSupportUseBuiltinSCM = YES]
  ignore line: []
  ignore line: [2026-09-27 10:02:55.948 xcodebuild[78751:4732272] [MT] IDELogStore: Failed to open log store at /Users/liuyuxuan/Library/Developer/Xcode/DerivedData/CMAKE_TRY_COMPILE-fagazvxyxmiorydzxgwcmtbjnvlk/Logs/Build]
  ignore line: [2026-09-27 10:02:55.954 xcodebuild[78751:4732272] [MT] IDELogStore: Failed to open Build log store: Error Domain=NSCocoaErrorDomain Code=4 "The file “LogStoreManifest.plist” doesn’t exist." UserInfo={NSFilePath=/Users/liuyuxuan/Library/Developer/Xcode/DerivedData/CMAKE_TRY_COMPILE-fagazvxyxmiorydzxgwcmtbjnvlk/Logs/Build/LogStoreManifest.plist  NSURL=file:///Users/liuyuxuan/Library/Developer/Xcode/DerivedData/CMAKE_TRY_COMPILE-fagazvxyxmiorydzxgwcmtbjnvlk/Logs/Build/LogStoreManifest.plist  NSUnderlyingError=0x7fed6e6397d0 {Error Domain=NSPOSIXErrorDomain Code=2 "No such file or directory"}}. User info: {]
  ignore line: [    NSFilePath = "/Users/liuyuxuan/Library/Developer/Xcode/DerivedData/CMAKE_TRY_COMPILE-fagazvxyxmiorydzxgwcmtbjnvlk/Logs/Build/LogStoreManifest.plist"]
  ignore line: []
  ignore line: [    NSURL = "file:///Users/liuyuxuan/Library/Developer/Xcode/DerivedData/CMAKE_TRY_COMPILE-fagazvxyxmiorydzxgwcmtbjnvlk/Logs/Build/LogStoreManifest.plist"]
  ignore line: []
  ignore line: [    NSUnderlyingError = "Error Domain=NSPOSIXErrorDomain Code=2 \"No such file or directory\""]
  ignore line: []
  ignore line: [}.]
  ignore line: [2026-09-27 10:02:56.305 xcodebuild[78751:4732272] [MT] IDELogStore: Failed to open log store at /Users/liuyuxuan/Library/Developer/Xcode/DerivedData/CMAKE_TRY_COMPILE-fagazvxyxmiorydzxgwcmtbjnvlk/Logs/Localization]
  ignore line: [2026-09-27 10:02:56.306 xcodebuild[78751:4732272] [MT] IDELogStore: Failed to open Localization log store: Error Domain=NSCocoaErrorDomain Code=4 "The file “LogStoreManifest.plist” doesn’t exist." UserInfo={NSFilePath=/Users/liuyuxuan/Library/Developer/Xcode/DerivedData/CMAKE_TRY_COMPILE-fagazvxyxmiorydzxgwcmtbjnvlk/Logs/Localization/LogStoreManifest.plist  NSURL=file:///Users/liuyuxuan/Library/Developer/Xcode/DerivedData/CMAKE_TRY_COMPILE-fagazvxyxmiorydzxgwcmtbjnvlk/Logs/Localization/LogStoreManifest.plist  NSUnderlyingError=0x7fed6e70a310 {Error Domain=NSPOSIXErrorDomain Code=2 "No such file or directory"}}. User info: {]
  ignore line: [    NSFilePath = "/Users/liuyuxuan/Library/Developer/Xcode/DerivedData/CMAKE_TRY_COMPILE-fagazvxyxmiorydzxgwcmtbjnvlk/Logs/Localization/LogStoreManifest.plist"]
  ignore line: []
  ignore line: [    NSURL = "file:///Users/liuyuxuan/Library/Developer/Xcode/DerivedData/CMAKE_TRY_COMPILE-fagazvxyxmiorydzxgwcmtbjnvlk/Logs/Localization/LogStoreManifest.plist"]
  ignore line: []
  ignore line: [    NSUnderlyingError = "Error Domain=NSPOSIXErrorDomain Code=2 \"No such file or directory\""]
  ignore line: []
  ignore line: [}.]
  ignore line: [2026-09-27 10:02:56.322 xcodebuild[78751:4732272] [MT] IDELogStore: Failed to open log store at /Users/liuyuxuan/Library/Developer/Xcode/DerivedData/CMAKE_TRY_COMPILE-fagazvxyxmiorydzxgwcmtbjnvlk/Logs/Package]
  ignore line: [2026-09-27 10:02:56.322 xcodebuild[78751:4732272] [MT] IDELogStore: Failed to open Package log store: Error Domain=NSCocoaErrorDomain Code=4 "The file “LogStoreManifest.plist” doesn’t exist." UserInfo={NSFilePath=/Users/liuyuxuan/Library/Developer/Xcode/DerivedData/CMAKE_TRY_COMPILE-fagazvxyxmiorydzxgwcmtbjnvlk/Logs/Package/LogStoreManifest.plist  NSURL=file:///Users/liuyuxuan/Library/Developer/Xcode/DerivedData/CMAKE_TRY_COMPILE-fagazvxyxmiorydzxgwcmtbjnvlk/Logs/Package/LogStoreManifest.plist  NSUnderlyingError=0x7fed6e991ea0 {Error Domain=NSPOSIXErrorDomain Code=2 "No such file or directory"}}. User info: {]
  ignore line: [    NSFilePath = "/Users/liuyuxuan/Library/Developer/Xcode/DerivedData/CMAKE_TRY_COMPILE-fagazvxyxmiorydzxgwcmtbjnvlk/Logs/Package/LogStoreManifest.plist"]
  ignore line: []
  ignore line: [    NSURL = "file:///Users/liuyuxuan/Library/Developer/Xcode/DerivedData/CMAKE_TRY_COMPILE-fagazvxyxmiorydzxgwcmtbjnvlk/Logs/Package/LogStoreManifest.plist"]
  ignore line: []
  ignore line: [    NSUnderlyingError = "Error Domain=NSPOSIXErrorDomain Code=2 \"No such file or directory\""]
  ignore line: []
  ignore line: [}.]
  ignore line: [2026-09-27 10:02:56.375 xcodebuild[78751:4732272] [MT] IDELogStore: Failed to open log store at /Users/liuyuxuan/Library/Developer/Xcode/DerivedData/CMAKE_TRY_COMPILE-fagazvxyxmiorydzxgwcmtbjnvlk/Logs/Test]
  ignore line: [2026-09-27 10:02:56.375 xcodebuild[78751:4732272] [MT] IDELogStore: Failed to open Test log store: Error Domain=NSCocoaErrorDomain Code=4 "The file “LogStoreManifest.plist” doesn’t exist." UserInfo={NSFilePath=/Users/liuyuxuan/Library/Developer/Xcode/DerivedData/CMAKE_TRY_COMPILE-fagazvxyxmiorydzxgwcmtbjnvlk/Logs/Test/LogStoreManifest.plist  NSURL=file:///Users/liuyuxuan/Library/Developer/Xcode/DerivedData/CMAKE_TRY_COMPILE-fagazvxyxmiorydzxgwcmtbjnvlk/Logs/Test/LogStoreManifest.plist  NSUnderlyingError=0x7fed6e85afd0 {Error Domain=NSPOSIXErrorDomain Code=2 "No such file or directory"}}. User info: {]
  ignore line: [    NSFilePath = "/Users/liuyuxuan/Library/Developer/Xcode/DerivedData/CMAKE_TRY_COMPILE-fagazvxyxmiorydzxgwcmtbjnvlk/Logs/Test/LogStoreManifest.plist"]
  ignore line: []
  ignore line: [    NSURL = "file:///Users/liuyuxuan/Library/Developer/Xcode/DerivedData/CMAKE_TRY_COMPILE-fagazvxyxmiorydzxgwcmtbjnvlk/Logs/Test/LogStoreManifest.plist"]
  ignore line: []
  ignore line: [    NSUnderlyingError = "Error Domain=NSPOSIXErrorDomain Code=2 \"No such file or directory\""]
  ignore line: []
  ignore line: [}.]
  ignore line: [ComputeTargetDependencyGraph]
  ignore line: [note: Building targets in dependency order]
  ignore line: [note: Target dependency graph (1 target)]
  ignore line: [    Target 'cmTC_7021d' in project 'CMAKE_TRY_COMPILE' (no dependencies)]
  ignore line: []
  ignore line: [GatherProvisioningInputs]
  ignore line: []
  ignore line: [CreateBuildDescription]
  ignore line: [Build description signature: 871f612f966f11ef28f93fd7f25684a6]
  ignore line: [Build description path: /Users/liuyuxuan/Documents/KiwiEngine/build-xcode/CMakeFiles/CMakeScratch/TryCompile-4dVvBX/build/XCBuildData/871f612f966f11ef28f93fd7f25684a6.xcbuilddata]
  ignore line: []
  ignore line: [CreateBuildDirectory /Users/liuyuxuan/Documents/KiwiEngine/build-xcode/CMakeFiles/CMakeScratch/TryCompile-4dVvBX/Debug]
  ignore line: [    cd /Users/liuyuxuan/Documents/KiwiEngine/build-xcode/CMakeFiles/CMakeScratch/TryCompile-4dVvBX/CMAKE_TRY_COMPILE.xcodeproj]
  ignore line: [    builtin-create-build-directory /Users/liuyuxuan/Documents/KiwiEngine/build-xcode/CMakeFiles/CMakeScratch/TryCompile-4dVvBX/Debug]
  ignore line: []
  ignore line: [CreateBuildDirectory /Users/liuyuxuan/Documents/KiwiEngine/build-xcode/CMakeFiles/CMakeScratch/TryCompile-4dVvBX/build]
  ignore line: [    cd /Users/liuyuxuan/Documents/KiwiEngine/build-xcode/CMakeFiles/CMakeScratch/TryCompile-4dVvBX/CMAKE_TRY_COMPILE.xcodeproj]
  ignore line: [    builtin-create-build-directory /Users/liuyuxuan/Documents/KiwiEngine/build-xcode/CMakeFiles/CMakeScratch/TryCompile-4dVvBX/build]
  ignore line: []
  ignore line: [ClangStatCache /Applications/Xcode.app/Contents/Developer/Toolchains/XcodeDefault.xctoolchain/usr/bin/clang-stat-cache /Applications/Xcode.app/Contents/Developer/Platforms/MacOSX.platform/Developer/SDKs/MacOSX14.2.sdk /var/folders/d_/qz91s5mx0r96yp3hzr6jhvlc0000gn/C/com.apple.DeveloperTools/15.1-15C65/Xcode/SDKStatCaches.noindex/macosx14.2-23C53-df0db8920d7ae99241a1bc0f08d2dced.sdkstatcache]
  ignore line: [    cd /Users/liuyuxuan/Documents/KiwiEngine/build-xcode/CMakeFiles/CMakeScratch/TryCompile-4dVvBX/CMAKE_TRY_COMPILE.xcodeproj]
  ignore line: [    /Applications/Xcode.app/Contents/Developer/Toolchains/XcodeDefault.xctoolchain/usr/bin/clang-stat-cache /Applications/Xcode.app/Contents/Developer/Platforms/MacOSX.platform/Developer/SDKs/MacOSX14.2.sdk -o /var/folders/d_/qz91s5mx0r96yp3hzr6jhvlc0000gn/C/com.apple.DeveloperTools/15.1-15C65/Xcode/SDKStatCaches.noindex/macosx14.2-23C53-df0db8920d7ae99241a1bc0f08d2dced.sdkstatcache]
  ignore line: []
  ignore line: [CreateBuildDirectory /Users/liuyuxuan/Documents/KiwiEngine/build-xcode/CMakeFiles/CMakeScratch/TryCompile-4dVvBX/build/EagerLinkingTBDs/Debug]
  ignore line: [    cd /Users/liuyuxuan/Documents/KiwiEngine/build-xcode/CMakeFiles/CMakeScratch/TryCompile-4dVvBX/CMAKE_TRY_COMPILE.xcodeproj]
  ignore line: [    builtin-create-build-directory /Users/liuyuxuan/Documents/KiwiEngine/build-xcode/CMakeFiles/CMakeScratch/TryCompile-4dVvBX/build/EagerLinkingTBDs/Debug]
  ignore line: []
  ignore line: [WriteAuxiliaryFile /Users/liuyuxuan/Documents/KiwiEngine/build-xcode/CMakeFiles/CMakeScratch/TryCompile-4dVvBX/build/cmTC_7021d.build/Debug/Objects-normal/x86_64/cmTC_7021d.LinkFileList (in target 'cmTC_7021d' from project 'CMAKE_TRY_COMPILE')]
  ignore line: [    cd /Users/liuyuxuan/Documents/KiwiEngine/build-xcode/CMakeFiles/CMakeScratch/TryCompile-4dVvBX]
  ignore line: [    write-file /Users/liuyuxuan/Documents/KiwiEngine/build-xcode/CMakeFiles/CMakeScratch/TryCompile-4dVvBX/build/cmTC_7021d.build/Debug/Objects-normal/x86_64/cmTC_7021d.LinkFileList]
  ignore line: []
  ignore line: [CompileC /Users/liuyuxuan/Documents/KiwiEngine/build-xcode/CMakeFiles/CMakeScratch/TryCompile-4dVvBX/build/cmTC_7021d.build/Debug/Objects-normal/x86_64/CMakeOBJCXXCompilerABI.o /usr/local/Cellar/cmake/3.25.1/share/cmake/Modules/CMakeOBJCXXCompilerABI.mm normal x86_64 objective-c++ com.apple.compilers.llvm.clang.1_0.compiler (in target 'cmTC_7021d' from project 'CMAKE_TRY_COMPILE')]
  ignore line: [    cd /Users/liuyuxuan/Documents/KiwiEngine/build-xcode/CMakeFiles/CMakeScratch/TryCompile-4dVvBX]
  ignore line: [    /Applications/Xcode.app/Contents/Developer/Toolchains/XcodeDefault.xctoolchain/usr/bin/clang -x objective-c++ -ivfsstatcache /var/folders/d_/qz91s5mx0r96yp3hzr6jhvlc0000gn/C/com.apple.DeveloperTools/15.1-15C65/Xcode/SDKStatCaches.noindex/macosx14.2-23C53-df0db8920d7ae99241a1bc0f08d2dced.sdkstatcache -target x86_64-apple-macos14.0 -fmessage-length\=0 -fdiagnostics-show-note-include-stack -fmacro-backtrace-limit\=0 -fno-color-diagnostics -Wno-trigraphs -fpascal-strings -O0 -Wno-missing-field-initializers -Wno-missing-prototypes -Wno-return-type -Wno-implicit-atomic-properties -Wno-objc-interface-ivars -Wno-arc-repeated-use-of-weak -Wno-non-virtual-dtor -Wno-overloaded-virtual -Wno-exit-time-destructors -Wno-missing-braces -Wparentheses -Wswitch -Wno-unused-function -Wno-unused-label -Wno-unused-parameter -Wno-unused-variable -Wunused-value -Wno-empty-body -Wno-uninitialized -Wno-unknown-pragmas -Wno-shadow -Wno-four-char-constants -Wno-conversion -Wno-constant-conversion -Wno-int-conversion -Wno-bool-conversion -Wno-enum-conversion -Wno-float-conversion -Wno-non-literal-null-conversion -Wno-objc-literal-conversion -Wshorten-64-to-32 -Wno-newline-eof -Wno-selector -Wno-strict-selector-match -Wno-undeclared-selector -Wno-deprecated-implementations -Wno-c++11-extensions -Wno-implicit-fallthrough -DCMAKE_INTDIR\=\"Debug\" -DOBJC_OLD_DISPATCH_PROTOTYPES\=1 -isysroot /Applications/Xcode.app/Contents/Developer/Platforms/MacOSX.platform/Developer/SDKs/MacOSX14.2.sdk -fasm-blocks -fstrict-aliasing -Wprotocol -Wdeprecated-declarations -Winvalid-offsetof -g -Wno-sign-conversion -Wno-infinite-recursion -Wno-move -Wno-comma -Wno-block-capture-autoreleasing -Wno-strict-prototypes -Wno-range-loop-analysis -Wno-semicolon-before-method-body -I/Users/liuyuxuan/Documents/KiwiEngine/build-xcode/CMakeFiles/CMakeScratch/TryCompile-4dVvBX/Debug/include -I/Users/liuyuxuan/Documents/KiwiEngine/build-xcode/CMakeFiles/CMakeScratch/TryCompile-4dVvBX/build/cmTC_7021d.build/Debug/DerivedSources-normal/x86_64 -I/Users/liuyuxuan/Documents/KiwiEngine/build-xcode/CMakeFiles/CMakeScratch/TryCompile-4dVvBX/build/cmTC_7021d.build/Debug/DerivedSources/x86_64 -I/Users/liuyuxuan/Documents/KiwiEngine/build-xcode/CMakeFiles/CMakeScratch/TryCompile-4dVvBX/build/cmTC_7021d.build/Debug/DerivedSources -F/Users/liuyuxuan/Documents/KiwiEngine/build-xcode/CMakeFiles/CMakeScratch/TryCompile-4dVvBX/Debug -v -Wl -v -MMD -MT dependencies -MF /Users/liuyuxuan/Documents/KiwiEngine/build-xcode/CMakeFiles/CMakeScratch/TryCompile-4dVvBX/build/cmTC_7021d.build/Debug/Objects-normal/x86_64/CMakeOBJCXXCompilerABI.d --serialize-diagnostics /Users/liuyuxuan/Documents/KiwiEngine/build-xcode/CMakeFiles/CMakeScratch/TryCompile-4dVvBX/build/cmTC_7021d.build/Debug/Objects-normal/x86_64/CMakeOBJCXXCompilerABI.dia -c /usr/local/Cellar/cmake/3.25.1/share/cmake/Modules/CMakeOBJCXXCompilerABI.mm -o /Users/liuyuxuan/Documents/KiwiEngine/build-xcode/CMakeFiles/CMakeScratch/TryCompile-4dVvBX/build/cmTC_7021d.build/Debug/Objects-normal/x86_64/CMakeOBJCXXCompilerABI.o]
  ignore line: [Apple clang version 15.0.0 (clang-1500.1.0.2.5)]
  ignore line: [Target: x86_64-apple-macos14.0]
  ignore line: [Thread model: posix]
  ignore line: [InstalledDir: /Applications/Xcode.app/Contents/Developer/Toolchains/XcodeDefault.xctoolchain/usr/bin]
  ignore line: [clang: warning: -Wl -v: 'linker' input unused [-Wunused-command-line-argument]]
  ignore line: [ "/Applications/Xcode.app/Contents/Developer/Toolchains/XcodeDefault.xctoolchain/usr/bin/clang" -cc1 -triple x86_64-apple-macosx14.0.0 -Wundef-prefix=TARGET_OS_ -Wdeprecated-objc-isa-usage -Werror=deprecated-objc-isa-usage -Werror=implicit-function-declaration -emit-obj -mrelax-all --mrelax-relocations -disable-free -clear-ast-before-backend -disable-llvm-verifier -discard-value-names -main-file-name CMakeOBJCXXCompilerABI.mm -mrelocation-model pic -pic-level 2 -mframe-pointer=all -fno-strict-return -ffp-contract=on -fno-rounding-math -funwind-tables=2 -target-sdk-version=14.2 -fvisibility-inlines-hidden-static-local-var -target-cpu penryn -tune-cpu generic -mllvm -treat-scalable-fixed-error-as-warning -debug-info-kind=standalone -dwarf-version=4 -debugger-tuning=lldb -target-linker-version 1022.1 -v -fcoverage-compilation-dir=/Users/liuyuxuan/Documents/KiwiEngine/build-xcode/CMakeFiles/CMakeScratch/TryCompile-4dVvBX -resource-dir /Applications/Xcode.app/Contents/Developer/Toolchains/XcodeDefault.xctoolchain/usr/lib/clang/15.0.0 -dependency-file /Users/liuyuxuan/Documents/KiwiEngine/build-xcode/CMakeFiles/CMakeScratch/TryCompile-4dVvBX/build/cmTC_7021d.build/Debug/Objects-normal/x86_64/CMakeOBJCXXCompilerABI.d -skip-unused-modulemap-deps -MT dependencies -ivfsstatcache /var/folders/d_/qz91s5mx0r96yp3hzr6jhvlc0000gn/C/com.apple.DeveloperTools/15.1-15C65/Xcode/SDKStatCaches.noindex/macosx14.2-23C53-df0db8920d7ae99241a1bc0f08d2dced.sdkstatcache -isysroot /Applications/Xcode.app/Contents/Developer/Platforms/MacOSX.platform/Developer/SDKs/MacOSX14.2.sdk -D "CMAKE_INTDIR=\"Debug\"" -D OBJC_OLD_DISPATCH_PROTOTYPES=1 -I /Users/liuyuxuan/Documents/KiwiEngine/build-xcode/CMakeFiles/CMakeScratch/TryCompile-4dVvBX/Debug/include -I /Users/liuyuxuan/Documents/KiwiEngine/build-xcode/CMakeFiles/CMakeScratch/TryCompile-4dVvBX/build/cmTC_7021d.build/Debug/DerivedSources-normal/x86_64 -I /Users/liuyuxuan/Documents/KiwiEngine/build-xcode/CMakeFiles/CMakeScratch/TryCompile-4dVvBX/build/cmTC_7021d.build/Debug/DerivedSources/x86_64 -I /Users/liuyuxuan/Documents/KiwiEngine/build-xcode/CMakeFiles/CMakeScratch/TryCompile-4dVvBX/build/cmTC_7021d.build/Debug/DerivedSources -F/Users/liuyuxuan/Documents/KiwiEngine/build-xcode/CMakeFiles/CMakeScratch/TryCompile-4dVvBX/Debug -internal-isystem /Applications/Xcode.app/Contents/Developer/Platforms/MacOSX.platform/Developer/SDKs/MacOSX14.2.sdk/usr/include/c++/v1 -internal-isystem /Applications/Xcode.app/Contents/Developer/Platforms/MacOSX.platform/Developer/SDKs/MacOSX14.2.sdk/usr/local/include -internal-isystem /Applications/Xcode.app/Contents/Developer/Toolchains/XcodeDefault.xctoolchain/usr/lib/clang/15.0.0/include -internal-externc-isystem /Applications/Xcode.app/Contents/Developer/Platforms/MacOSX.platform/Developer/SDKs/MacOSX14.2.sdk/usr/include -internal-externc-isystem /Applications/Xcode.app/Contents/Developer/Toolchains/XcodeDefault.xctoolchain/usr/include -O0 -Wno-trigraphs -Wno-missing-field-initializers -Wno-missing-prototypes -Wno-return-type -Wno-implicit-atomic-properties -Wno-objc-interface-ivars -Wno-arc-repeated-use-of-weak -Wno-non-virtual-dtor -Wno-overloaded-virtual -Wno-exit-time-destructors -Wno-missing-braces -Wparentheses -Wswitch -Wno-unused-function -Wno-unused-label -Wno-unused-parameter -Wno-unused-variable -Wunused-value -Wno-empty-body -Wno-uninitialized -Wno-unknown-pragmas -Wno-shadow -Wno-four-char-constants -Wno-conversion -Wno-constant-conversion -Wno-int-conversion -Wno-bool-conversion -Wno-enum-conversion -Wno-float-conversion -Wno-non-literal-null-conversion -Wno-objc-literal-conversion -Wshorten-64-to-32 -Wno-newline-eof -Wno-selector -Wno-strict-selector-match -Wno-undeclared-selector -Wno-deprecated-implementations -Wno-c++11-extensions -Wno-implicit-fallthrough -Wprotocol -Wdeprecated-declarations -Winvalid-offsetof -Wno-sign-conversion -Wno-infinite-recursion -Wno-move -Wno-comma -Wno-block-capture-autoreleasing -Wno-strict-prototypes -Wno-range-loop-analysis -Wno-semicolon-before-method-body -Wno-reorder-init-list -Wno-implicit-int-float-conversion -Wno-c99-designator -Wno-final-dtor-non-final-class -Wno-extra-semi-stmt -Wno-misleading-indentation -Wno-quoted-include-in-framework-header -Wno-implicit-fallthrough -Wno-enum-enum-conversion -Wno-enum-float-conversion -Wno-elaborated-enum-base -Wno-reserved-identifier -Wno-gnu-folding-constant -fdeprecated-macro -fdebug-compilation-dir=/Users/liuyuxuan/Documents/KiwiEngine/build-xcode/CMakeFiles/CMakeScratch/TryCompile-4dVvBX -ferror-limit 19 -fmacro-backtrace-limit 0 -stack-protector 1 -fstack-check -mdarwin-stkchk-strong-link -fblocks -fencode-extended-block-signature -fregister-global-dtors-with-atexit -fgnuc-version=4.2.1 -fno-cxx-modules -fobjc-runtime=macosx-14.0.0 -fobjc-exceptions -fcxx-exceptions -fexceptions -fpascal-strings -fmax-type-align=16 -fcommon -fdiagnostics-show-note-include-stack -fasm-blocks -serialize-diagnostic-file /Users/liuyuxuan/Documents/KiwiEngine/build-xcode/CMakeFiles/CMakeScratch/TryCompile-4dVvBX/build/cmTC_7021d.build/Debug/Objects-normal/x86_64/CMakeOBJCXXCompilerABI.dia -clang-vendor-feature=+disableNonDependentMemberExprInCurrentInstantiation -fno-odr-hash-protocols -clang-vendor-feature=+enableAggressiveVLAFolding -clang-vendor-feature=+revert09abecef7bbf -clang-vendor-feature=+thisNoAlignAttr -clang-vendor-feature=+thisNoNullAttr -mllvm -disable-aligned-alloc-awareness=1 -D__GCC_HAVE_DWARF2_CFI_ASM=1 -o /Users/liuyuxuan/Documents/KiwiEngine/build-xcode/CMakeFiles/CMakeScratch/TryCompile-4dVvBX/build/cmTC_7021d.build/Debug/Objects-normal/x86_64/CMakeOBJCXXCompilerABI.o -x objective-c++ /usr/local/Cellar/cmake/3.25.1/share/cmake/Modules/CMakeOBJCXXCompilerABI.mm]
  ignore line: [clang -cc1 version 15.0.0 (clang-1500.1.0.2.5) default target x86_64-apple-darwin25.5.0]
  ignore line: [ignoring nonexistent directory "/Users/liuyuxuan/Documents/KiwiEngine/build-xcode/CMakeFiles/CMakeScratch/TryCompile-4dVvBX/Debug/include"]
  ignore line: [ignoring nonexistent directory "/Users/liuyuxuan/Documents/KiwiEngine/build-xcode/CMakeFiles/CMakeScratch/TryCompile-4dVvBX/build/cmTC_7021d.build/Debug/DerivedSources-normal/x86_64"]
  ignore line: [ignoring nonexistent directory "/Users/liuyuxuan/Documents/KiwiEngine/build-xcode/CMakeFiles/CMakeScratch/TryCompile-4dVvBX/build/cmTC_7021d.build/Debug/DerivedSources/x86_64"]
  ignore line: [ignoring nonexistent directory "/Users/liuyuxuan/Documents/KiwiEngine/build-xcode/CMakeFiles/CMakeScratch/TryCompile-4dVvBX/build/cmTC_7021d.build/Debug/DerivedSources"]
  ignore line: [ignoring nonexistent directory "/Applications/Xcode.app/Contents/Developer/Platforms/MacOSX.platform/Developer/SDKs/MacOSX14.2.sdk/usr/local/include"]
  ignore line: [ignoring nonexistent directory "/Applications/Xcode.app/Contents/Developer/Platforms/MacOSX.platform/Developer/SDKs/MacOSX14.2.sdk/Library/Frameworks"]
  ignore line: [#include "..." search starts here:]
  ignore line: [#include <...> search starts here:]
  ignore line: [ /Users/liuyuxuan/Documents/KiwiEngine/build-xcode/CMakeFiles/CMakeScratch/TryCompile-4dVvBX/Debug (framework directory)]
  ignore line: [ /Applications/Xcode.app/Contents/Developer/Platforms/MacOSX.platform/Developer/SDKs/MacOSX14.2.sdk/usr/include/c++/v1]
  ignore line: [ /Applications/Xcode.app/Contents/Developer/Toolchains/XcodeDefault.xctoolchain/usr/lib/clang/15.0.0/include]
  ignore line: [ /Applications/Xcode.app/Contents/Developer/Platforms/MacOSX.platform/Developer/SDKs/MacOSX14.2.sdk/usr/include]
  ignore line: [ /Applications/Xcode.app/Contents/Developer/Toolchains/XcodeDefault.xctoolchain/usr/include]
  ignore line: [ /Applications/Xcode.app/Contents/Developer/Platforms/MacOSX.platform/Developer/SDKs/MacOSX14.2.sdk/System/Library/Frameworks (framework directory)]
  ignore line: [End of search list.]
  ignore line: []
  ignore line: [Ld /Users/liuyuxuan/Documents/KiwiEngine/build-xcode/CMakeFiles/CMakeScratch/TryCompile-4dVvBX/Debug/cmTC_7021d normal (in target 'cmTC_7021d' from project 'CMAKE_TRY_COMPILE')]
  ignore line: [    cd /Users/liuyuxuan/Documents/KiwiEngine/build-xcode/CMakeFiles/CMakeScratch/TryCompile-4dVvBX]
  ignore line: [    /Applications/Xcode.app/Contents/Developer/Toolchains/XcodeDefault.xctoolchain/usr/bin/clang++ -Xlinker -reproducible -target x86_64-apple-macos14.0 -isysroot /Applications/Xcode.app/Contents/Developer/Platforms/MacOSX.platform/Developer/SDKs/MacOSX14.2.sdk -O0 -L/Users/liuyuxuan/Documents/KiwiEngine/build-xcode/CMakeFiles/CMakeScratch/TryCompile-4dVvBX/build/EagerLinkingTBDs/Debug -L/Users/liuyuxuan/Documents/KiwiEngine/build-xcode/CMakeFiles/CMakeScratch/TryCompile-4dVvBX/Debug -F/Users/liuyuxuan/Documents/KiwiEngine/build-xcode/CMakeFiles/CMakeScratch/TryCompile-4dVvBX/build/EagerLinkingTBDs/Debug -F/Users/liuyuxuan/Documents/KiwiEngine/build-xcode/CMakeFiles/CMakeScratch/TryCompile-4dVvBX/Debug -filelist /Users/liuyuxuan/Documents/KiwiEngine/build-xcode/CMakeFiles/CMakeScratch/TryCompile-4dVvBX/build/cmTC_7021d.build/Debug/Objects-normal/x86_64/cmTC_7021d.LinkFileList -Xlinker -object_path_lto -Xlinker /Users/liuyuxuan/Documents/KiwiEngine/build-xcode/CMakeFiles/CMakeScratch/TryCompile-4dVvBX/build/cmTC_7021d.build/Debug/Objects-normal/x86_64/cmTC_7021d_lto.o -Xlinker -no_deduplicate -fobjc-link-runtime -v -Wl -v -Wl -search_paths_first -Wl -headerpad_max_install_names -Xlinker -dependency_info -Xlinker /Users/liuyuxuan/Documents/KiwiEngine/build-xcode/CMakeFiles/CMakeScratch/TryCompile-4dVvBX/build/cmTC_7021d.build/Debug/Objects-normal/x86_64/cmTC_7021d_dependency_info.dat -o /Users/liuyuxuan/Documents/KiwiEngine/build-xcode/CMakeFiles/CMakeScratch/TryCompile-4dVvBX/Debug/cmTC_7021d]
  ignore line: [Apple clang version 15.0.0 (clang-1500.1.0.2.5)]
  ignore line: [Target: x86_64-apple-macos14.0]
  ignore line: [Thread model: posix]
  ignore line: [InstalledDir: /Applications/Xcode.app/Contents/Developer/Toolchains/XcodeDefault.xctoolchain/usr/bin]
  reduced line: [ "/Applications/Xcode.app/Contents/Developer/Toolchains/XcodeDefault.xctoolchain/usr/bin/ld" -demangle -lto_library /Applications/Xcode.app/Contents/Developer/Toolchains/XcodeDefault.xctoolchain/usr/lib/libLTO.dylib -no_deduplicate -dynamic -arch x86_64 -platform_version macos 14.0.0 14.2 -syslibroot /Applications/Xcode.app/Contents/Developer/Platforms/MacOSX.platform/Developer/SDKs/MacOSX14.2.sdk -O0 -o /Users/liuyuxuan/Documents/KiwiEngine/build-xcode/CMakeFiles/CMakeScratch/TryCompile-4dVvBX/Debug/cmTC_7021d -L/Users/liuyuxuan/Documents/KiwiEngine/build-xcode/CMakeFiles/CMakeScratch/TryCompile-4dVvBX/build/EagerLinkingTBDs/Debug -L/Users/liuyuxuan/Documents/KiwiEngine/build-xcode/CMakeFiles/CMakeScratch/TryCompile-4dVvBX/Debug -reproducible -filelist /Users/liuyuxuan/Documents/KiwiEngine/build-xcode/CMakeFiles/CMakeScratch/TryCompile-4dVvBX/build/cmTC_7021d.build/Debug/Objects-normal/x86_64/cmTC_7021d.LinkFileList -object_path_lto /Users/liuyuxuan/Documents/KiwiEngine/build-xcode/CMakeFiles/CMakeScratch/TryCompile-4dVvBX/build/cmTC_7021d.build/Debug/Objects-normal/x86_64/cmTC_7021d_lto.o -no_deduplicate -v -search_paths_first -headerpad_max_install_names -dependency_info /Users/liuyuxuan/Documents/KiwiEngine/build-xcode/CMakeFiles/CMakeScratch/TryCompile-4dVvBX/build/cmTC_7021d.build/Debug/Objects-normal/x86_64/cmTC_7021d_dependency_info.dat -framework Foundation -lobjc -lc++ -lSystem /Applications/Xcode.app/Contents/Developer/Toolchains/XcodeDefault.xctoolchain/usr/lib/clang/15.0.0/lib/darwin/libclang_rt.osx.a -F/Users/liuyuxuan/Documents/KiwiEngine/build-xcode/CMakeFiles/CMakeScratch/TryCompile-4dVvBX/build/EagerLinkingTBDs/Debug -F/Users/liuyuxuan/Documents/KiwiEngine/build-xcode/CMakeFiles/CMakeScratch/TryCompile-4dVvBX/Debug]
            to: [ "/Applications/Xcode.app/Contents/Developer/Toolchains/XcodeDefault.xctoolchain/usr/bin/ld" -demangle -lto_library /Applications/Xcode.app/Contents/Developer/Toolchains/XcodeDefault.xctoolchain/usr/lib/libLTO.dylib -no_deduplicate -dynamic -arch x86_64 -platform_version macos 14.0.0 14.2 -syslibroot /Applications/Xcode.app/Contents/Developer/Platforms/MacOSX.platform/Developer/SDKs/MacOSX14.2.sdk -O0 -o /Users/liuyuxuan/Documents/KiwiEngine/build-xcode/CMakeFiles/CMakeScratch/TryCompile-4dVvBX/Debug/cmTC_7021d -L/Users/liuyuxuan/Documents/KiwiEngine/build-xcode/CMakeFiles/CMakeScratch/TryCompile-4dVvBX/Debug -reproducible -filelist /Users/liuyuxuan/Documents/KiwiEngine/build-xcode/CMakeFiles/CMakeScratch/TryCompile-4dVvBX/build/cmTC_7021d.build/Debug/Objects-normal/x86_64/cmTC_7021d.LinkFileList -object_path_lto /Users/liuyuxuan/Documents/KiwiEngine/build-xcode/CMakeFiles/CMakeScratch/TryCompile-4dVvBX/build/cmTC_7021d.build/Debug/Objects-normal/x86_64/cmTC_7021d_lto.o -no_deduplicate -v -search_paths_first -headerpad_max_install_names -dependency_info /Users/liuyuxuan/Documents/KiwiEngine/build-xcode/CMakeFiles/CMakeScratch/TryCompile-4dVvBX/build/cmTC_7021d.build/Debug/Objects-normal/x86_64/cmTC_7021d_dependency_info.dat -framework Foundation -lobjc -lc++ -lSystem /Applications/Xcode.app/Contents/Developer/Toolchains/XcodeDefault.xctoolchain/usr/lib/clang/15.0.0/lib/darwin/libclang_rt.osx.a -F/Users/liuyuxuan/Documents/KiwiEngine/build-xcode/CMakeFiles/CMakeScratch/TryCompile-4dVvBX/Debug]
  link line: [ "/Applications/Xcode.app/Contents/Developer/Toolchains/XcodeDefault.xctoolchain/usr/bin/ld" -demangle -lto_library /Applications/Xcode.app/Contents/Developer/Toolchains/XcodeDefault.xctoolchain/usr/lib/libLTO.dylib -no_deduplicate -dynamic -arch x86_64 -platform_version macos 14.0.0 14.2 -syslibroot /Applications/Xcode.app/Contents/Developer/Platforms/MacOSX.platform/Developer/SDKs/MacOSX14.2.sdk -O0 -o /Users/liuyuxuan/Documents/KiwiEngine/build-xcode/CMakeFiles/CMakeScratch/TryCompile-4dVvBX/Debug/cmTC_7021d -L/Users/liuyuxuan/Documents/KiwiEngine/build-xcode/CMakeFiles/CMakeScratch/TryCompile-4dVvBX/Debug -reproducible -filelist /Users/liuyuxuan/Documents/KiwiEngine/build-xcode/CMakeFiles/CMakeScratch/TryCompile-4dVvBX/build/cmTC_7021d.build/Debug/Objects-normal/x86_64/cmTC_7021d.LinkFileList -object_path_lto /Users/liuyuxuan/Documents/KiwiEngine/build-xcode/CMakeFiles/CMakeScratch/TryCompile-4dVvBX/build/cmTC_7021d.build/Debug/Objects-normal/x86_64/cmTC_7021d_lto.o -no_deduplicate -v -search_paths_first -headerpad_max_install_names -dependency_info /Users/liuyuxuan/Documents/KiwiEngine/build-xcode/CMakeFiles/CMakeScratch/TryCompile-4dVvBX/build/cmTC_7021d.build/Debug/Objects-normal/x86_64/cmTC_7021d_dependency_info.dat -framework Foundation -lobjc -lc++ -lSystem /Applications/Xcode.app/Contents/Developer/Toolchains/XcodeDefault.xctoolchain/usr/lib/clang/15.0.0/lib/darwin/libclang_rt.osx.a -F/Users/liuyuxuan/Documents/KiwiEngine/build-xcode/CMakeFiles/CMakeScratch/TryCompile-4dVvBX/Debug]
    arg [/Applications/Xcode.app/Contents/Developer/Toolchains/XcodeDefault.xctoolchain/usr/bin/ld] ==> ignore
    arg [-demangle] ==> ignore
    arg [-lto_library] ==> ignore, skip following value
    arg [/Applications/Xcode.app/Contents/Developer/Toolchains/XcodeDefault.xctoolchain/usr/lib/libLTO.dylib] ==> skip value of -lto_library
    arg [-no_deduplicate] ==> ignore
    arg [-dynamic] ==> ignore
    arg [-arch] ==> ignore
    arg [x86_64] ==> ignore
    arg [-platform_version] ==> ignore
    arg [macos] ==> ignore
    arg [14.0.0] ==> ignore
    arg [14.2] ==> ignore
    arg [-syslibroot] ==> ignore
    arg [/Applications/Xcode.app/Contents/Developer/Platforms/MacOSX.platform/Developer/SDKs/MacOSX14.2.sdk] ==> ignore
    arg [-O0] ==> ignore
    arg [-o] ==> ignore
    arg [/Users/liuyuxuan/Documents/KiwiEngine/build-xcode/CMakeFiles/CMakeScratch/TryCompile-4dVvBX/Debug/cmTC_7021d] ==> ignore
    arg [-L/Users/liuyuxuan/Documents/KiwiEngine/build-xcode/CMakeFiles/CMakeScratch/TryCompile-4dVvBX/Debug] ==> dir [/Users/liuyuxuan/Documents/KiwiEngine/build-xcode/CMakeFiles/CMakeScratch/TryCompile-4dVvBX/Debug]
    arg [-reproducible] ==> ignore
    arg [-filelist] ==> ignore
    arg [/Users/liuyuxuan/Documents/KiwiEngine/build-xcode/CMakeFiles/CMakeScratch/TryCompile-4dVvBX/build/cmTC_7021d.build/Debug/Objects-normal/x86_64/cmTC_7021d.LinkFileList] ==> ignore
    arg [-object_path_lto] ==> ignore
    arg [/Users/liuyuxuan/Documents/KiwiEngine/build-xcode/CMakeFiles/CMakeScratch/TryCompile-4dVvBX/build/cmTC_7021d.build/Debug/Objects-normal/x86_64/cmTC_7021d_lto.o] ==> obj [/Users/liuyuxuan/Documents/KiwiEngine/build-xcode/CMakeFiles/CMakeScratch/TryCompile-4dVvBX/build/cmTC_7021d.build/Debug/Objects-normal/x86_64/cmTC_7021d_lto.o]
    arg [-no_deduplicate] ==> ignore
    arg [-v] ==> ignore
    arg [-search_paths_first] ==> ignore
    arg [-headerpad_max_install_names] ==> ignore
    arg [-dependency_info] ==> ignore
    arg [/Users/liuyuxuan/Documents/KiwiEngine/build-xcode/CMakeFiles/CMakeScratch/TryCompile-4dVvBX/build/cmTC_7021d.build/Debug/Objects-normal/x86_64/cmTC_7021d_dependency_info.dat] ==> ignore
    arg [-framework] ==> ignore
    arg [Foundation] ==> ignore
    arg [-lobjc] ==> lib [objc]
    arg [-lc++] ==> lib [c++]
    arg [-lSystem] ==> lib [System]
    arg [/Applications/Xcode.app/Contents/Developer/Toolchains/XcodeDefault.xctoolchain/usr/lib/clang/15.0.0/lib/darwin/libclang_rt.osx.a] ==> lib [/Applications/Xcode.app/Contents/Developer/Toolchains/XcodeDefault.xctoolchain/usr/lib/clang/15.0.0/lib/darwin/libclang_rt.osx.a]
    arg [-F/Users/liuyuxuan/Documents/KiwiEngine/build-xcode/CMakeFiles/CMakeScratch/TryCompile-4dVvBX/Debug] ==> ignore
  Library search paths: [;/Users/liuyuxuan/Documents/KiwiEngine/build-xcode/CMakeFiles/CMakeScratch/TryCompile-4dVvBX/build/EagerLinkingTBDs/Debug;/Users/liuyuxuan/Documents/KiwiEngine/build-xcode/CMakeFiles/CMakeScratch/TryCompile-4dVvBX/Debug]
  Framework search paths: [;/Users/liuyuxuan/Documents/KiwiEngine/build-xcode/CMakeFiles/CMakeScratch/TryCompile-4dVvBX/build/EagerLinkingTBDs/Debug;/Users/liuyuxuan/Documents/KiwiEngine/build-xcode/CMakeFiles/CMakeScratch/TryCompile-4dVvBX/Debug]
  remove lib [System]
  remove lib [/Applications/Xcode.app/Contents/Developer/Toolchains/XcodeDefault.xctoolchain/usr/lib/clang/15.0.0/lib/darwin/libclang_rt.osx.a]
  collapse library dir [/Users/liuyuxuan/Documents/KiwiEngine/build-xcode/CMakeFiles/CMakeScratch/TryCompile-4dVvBX/Debug] ==> [/Users/liuyuxuan/Documents/KiwiEngine/build-xcode/CMakeFiles/CMakeScratch/TryCompile-4dVvBX/Debug], skipping non-system directory
  collapse library dir [/Users/liuyuxuan/Documents/KiwiEngine/build-xcode/CMakeFiles/CMakeScratch/TryCompile-4dVvBX/build/EagerLinkingTBDs/Debug] ==> [/Users/liuyuxuan/Documents/KiwiEngine/build-xcode/CMakeFiles/CMakeScratch/TryCompile-4dVvBX/build/EagerLinkingTBDs/Debug], skipping non-system directory
  collapse library dir [/Users/liuyuxuan/Documents/KiwiEngine/build-xcode/CMakeFiles/CMakeScratch/TryCompile-4dVvBX/Debug] ==> [/Users/liuyuxuan/Documents/KiwiEngine/build-xcode/CMakeFiles/CMakeScratch/TryCompile-4dVvBX/Debug], skipping non-system directory
  collapse framework dir [/Users/liuyuxuan/Documents/KiwiEngine/build-xcode/CMakeFiles/CMakeScratch/TryCompile-4dVvBX/build/EagerLinkingTBDs/Debug] ==> [/Users/liuyuxuan/Documents/KiwiEngine/build-xcode/CMakeFiles/CMakeScratch/TryCompile-4dVvBX/build/EagerLinkingTBDs/Debug], skipping non-system directory
  collapse framework dir [/Users/liuyuxuan/Documents/KiwiEngine/build-xcode/CMakeFiles/CMakeScratch/TryCompile-4dVvBX/Debug] ==> [/Users/liuyuxuan/Documents/KiwiEngine/build-xcode/CMakeFiles/CMakeScratch/TryCompile-4dVvBX/Debug], skipping non-system directory
  implicit libs: [objc;c++]
  implicit objs: [/Users/liuyuxuan/Documents/KiwiEngine/build-xcode/CMakeFiles/CMakeScratch/TryCompile-4dVvBX/build/cmTC_7021d.build/Debug/Objects-normal/x86_64/cmTC_7021d_lto.o]
  implicit dirs: []
  implicit fwks: []


